motif_count,hourglass_type,signature,fanin_sig,fanout_sig,n_FWD,n_BWD,n_LAT,n_waist,n_waist_active,n_waist_eff,n_periphery,compression,bottleneck_area,bottleneck_level,k_in,k_out,structure_str,fan_in_0_area,fan_in_0_level,fan_in_1_area,fan_in_1_level,fan_out_0_area,fan_out_0_level,fan_out_1_area,fan_out_1_level
1008,mixed,BWD->mix,BWD,mix,1,2,1,153,5,3.21,10571,69.092,ascending,1,2,2,"[ascendingL2, sensoryL2] -> ascendingL1 -> [centralL1, centralL2]",ascending,2,sensory,2,central,1,central,2
828,mixed,BWD->mix,BWD,mix,1,2,1,153,2,1.516,15787,103.183,ascending,1,2,2,"[ascendingL2, centralL2] -> ascendingL1 -> [sensoryL1, sensoryL2]",ascending,2,central,2,sensory,1,sensory,2
688,mixed,BWD->mix,BWD,mix,1,2,1,153,2,1.833,10068,65.804,ascending,1,2,2,"[descendingL2, sensoryL2] -> ascendingL1 -> [centralL1, centralL2]",descending,2,sensory,2,central,1,central,2
636,mixed,BWD->mix,BWD,mix,1,2,1,153,2,1.994,6594,43.098,ascending,1,2,2,"[ascendingL2, descendingL2] -> ascendingL1 -> [centralL1, centralL2]",ascending,2,descending,2,central,1,central,2
522,mixed,BWD->mix,BWD,mix,1,2,1,153,2,1.748,10571,69.092,ascending,1,2,2,"[ascendingL2, centralL2] -> ascendingL1 -> [centralL1, sensoryL2]",ascending,2,central,2,central,1,sensory,2
367,mixed,BWD->mix,BWD,mix,1,2,1,153,3,1.694,15787,103.183,ascending,1,2,2,"[ascendingL2, sensoryL2] -> ascendingL1 -> [centralL2, sensoryL1]",ascending,2,sensory,2,central,2,sensory,1
234,mixed,BWD->mix,BWD,mix,1,2,1,153,3,1.346,7604,49.699,ascending,1,2,2,"[ascendingL2, visual_projectionL2] -> ascendingL1 -> [centralL1, centralL2]",ascending,2,visual_projection,2,central,1,central,2
224,mixed,BWD->FWD,BWD,FWD,2,2,0,153,1,1.0,10088,65.935,ascending,1,2,2,"[descendingL2, sensoryL2] -> ascendingL1 -> [ascendingL2, centralL2]",descending,2,sensory,2,ascending,2,central,2
216,mixed,mix->mix,mix,mix,1,1,2,153,1,1.0,15767,103.052,ascending,1,2,2,"[centralL1, centralL2] -> ascendingL1 -> [sensoryL1, sensoryL2]",central,1,central,2,sensory,1,sensory,2
202,mixed,mix->FWD,mix,FWD,2,1,1,153,2,1.04,15787,103.183,ascending,1,2,2,"[ascendingL2, sensoryL1] -> ascendingL1 -> [centralL2, sensoryL2]",ascending,2,sensory,1,central,2,sensory,2
200,mixed,BWD->mix,BWD,mix,1,2,1,153,2,1.471,10571,69.092,ascending,1,2,2,"[centralL2, sensoryL2] -> ascendingL1 -> [ascendingL2, centralL1]",central,2,sensory,2,ascending,2,central,1
198,mixed,mix->FWD,mix,FWD,2,1,1,153,1,1.0,10571,69.092,ascending,1,2,2,"[ascendingL2, centralL1] -> ascendingL1 -> [centralL2, sensoryL2]",ascending,2,central,1,central,2,sensory,2
168,mixed,BWD->LAT,BWD,LAT,0,2,2,153,2,1.849,12293,80.346,ascending,1,2,2,"[ascendingL2, centralL2] -> ascendingL1 -> [centralL1, sensoryL1]",ascending,2,central,2,central,1,sensory,1
132,mixed,mix->mix,mix,mix,1,1,2,153,1,1.0,12293,80.346,ascending,1,2,2,"[ascendingL2, centralL1] -> ascendingL1 -> [centralL2, sensoryL1]",ascending,2,central,1,central,2,sensory,1
132,mixed,BWD->LAT,BWD,LAT,0,2,2,153,2,1.984,15767,103.052,ascending,1,2,2,"[centralL2, sensoryL2] -> ascendingL1 -> [centralL1, sensoryL1]",central,2,sensory,2,central,1,sensory,1
120,mixed,mix->mix,mix,mix,1,1,2,153,1,1.0,15767,103.052,ascending,1,2,2,"[centralL2, sensoryL1] -> ascendingL1 -> [centralL1, sensoryL2]",central,2,sensory,1,central,1,sensory,2
88,mixed,mix->mix,mix,mix,1,1,2,153,1,1.0,15767,103.052,ascending,1,2,2,"[centralL1, sensoryL2] -> ascendingL1 -> [centralL2, sensoryL1]",central,1,sensory,2,central,2,sensory,1
80,mixed,mix->mix,mix,mix,1,1,2,153,1,1.0,12293,80.346,ascending,1,2,2,"[centralL2, sensoryL1] -> ascendingL1 -> [ascendingL2, centralL1]",central,2,sensory,1,ascending,2,central,1
74,mixed,mix->mix,mix,mix,1,1,2,153,2,1.239,12293,80.346,ascending,1,2,2,"[ascendingL2, sensoryL1] -> ascendingL1 -> [centralL1, centralL2]",ascending,2,sensory,1,central,1,central,2
74,mixed,mix->mix,mix,mix,1,1,2,153,2,1.239,15767,103.052,ascending,1,2,2,"[sensoryL1, sensoryL2] -> ascendingL1 -> [centralL1, centralL2]",sensory,1,sensory,2,central,1,central,2
14158,mixed,mix->LAT,mix,LAT,1,1,2,555,5,1.075,15733,28.348,ascending,2,2,2,"[centralL1, centralL3] -> ascendingL2 -> [centralL2, visual_centrifugalL2]",central,1,central,3,central,2,visual_centrifugal,2
8352,mixed,LAT->mix,LAT,mix,1,1,2,555,2,1.979,15092,27.193,ascending,2,2,2,"[centralL2, descendingL2] -> ascendingL2 -> [ascendingL1, centralL3]",central,2,descending,2,ascending,1,central,3
8352,mixed,LAT->mix,LAT,mix,1,1,2,555,2,1.979,15474,27.881,ascending,2,2,2,"[centralL2, descendingL2] -> ascendingL2 -> [centralL1, centralL3]",central,2,descending,2,central,1,central,3
7774,mixed,mix->mix,mix,mix,1,1,2,555,3,1.776,20345,36.658,ascending,2,2,2,"[centralL2, centralL3] -> ascendingL2 -> [sensoryL2, sensoryL3]",central,2,central,3,sensory,2,sensory,3
7750,mixed,mix->mix,mix,mix,2,0,2,555,3,1.939,15474,27.881,ascending,2,2,2,"[centralL1, descendingL2] -> ascendingL2 -> [centralL2, centralL3]",central,1,descending,2,central,2,central,3
7448,mixed,mix->mix,mix,mix,1,2,1,555,3,1.027,15467,27.868,ascending,2,2,2,"[centralL1, centralL3] -> ascendingL2 -> [centralL2, visual_centrifugalL1]",central,1,central,3,central,2,visual_centrifugal,1
7416,mixed,mix->mix,mix,mix,2,1,1,555,2,1.889,15575,28.063,ascending,2,2,2,"[centralL1, centralL2] -> ascendingL2 -> [ascendingL1, centralL3]",central,1,central,2,ascending,1,central,3
5726,mixed,mix->mix,mix,mix,0,2,2,555,6,1.039,15733,28.348,ascending,2,2,2,"[centralL2, centralL3] -> ascendingL2 -> [centralL1, visual_centrifugalL2]",central,2,central,3,central,1,visual_centrifugal,2
5187,mixed,mix->mix,mix,mix,2,1,1,555,20,6.009,15527,27.977,ascending,2,2,2,"[ascendingL1, ascendingL3] -> ascendingL2 -> [centralL2, centralL3]",ascending,1,ascending,3,central,2,central,3
5151,mixed,mix->FWD,mix,FWD,3,0,1,555,10,4.092,15909,28.665,ascending,2,2,2,"[centralL1, centralL2] -> ascendingL2 -> [ascendingL3, centralL3]",central,1,central,2,ascending,3,central,3
5148,mixed,LAT->FWD,LAT,FWD,2,0,2,555,2,1.899,18945,34.135,ascending,2,2,2,"[centralL2, sensoryL2] -> ascendingL2 -> [centralL3, endocrineL3]",central,2,sensory,2,central,3,endocrine,3
4983,mixed,BWD->mix,BWD,mix,1,2,1,555,5,1.902,16803,30.276,ascending,2,2,2,"[ascendingL3, sensoryL3] -> ascendingL2 -> [centralL2, centralL3]",ascending,3,sensory,3,central,2,central,3
4920,mixed,mix->mix,mix,mix,2,1,1,555,5,1.396,15183,27.357,ascending,2,2,2,"[ascendingL1, descendingL3] -> ascendingL2 -> [centralL2, centralL3]",ascending,1,descending,3,central,2,central,3
4918,mixed,mix->mix,mix,mix,2,0,2,555,4,1.23,15733,28.348,ascending,2,2,2,"[centralL1, centralL2] -> ascendingL2 -> [centralL3, visual_centrifugalL2]",central,1,central,2,central,3,visual_centrifugal,2
4250,mixed,mix->mix,mix,mix,2,1,1,555,3,1.024,15503,27.933,ascending,2,2,2,"[centralL1, centralL3] -> ascendingL2 -> [centralL2, visual_centrifugalL3]",central,1,central,3,central,2,visual_centrifugal,3
3435,mixed,BWD->mix,BWD,mix,1,3,0,555,4,2.24,11886,21.416,ascending,2,2,2,"[ascendingL3, sensoryL3] -> ascendingL2 -> [centralL1, centralL3]",ascending,3,sensory,3,central,1,central,3
3058,mixed,LAT->FWD,LAT,FWD,2,0,2,555,4,1.935,15426,27.795,ascending,2,2,2,"[centralL2, descendingL2] -> ascendingL2 -> [ascendingL3, centralL3]",central,2,descending,2,ascending,3,central,3
3054,mixed,mix->BWD,mix,BWD,0,3,1,555,4,1.02,15467,27.868,ascending,2,2,2,"[centralL2, centralL3] -> ascendingL2 -> [centralL1, visual_centrifugalL1]",central,2,central,3,central,1,visual_centrifugal,1
2800,mixed,BWD->mix,BWD,mix,1,2,1,555,2,1.997,6088,10.969,ascending,2,2,2,"[descendingL3, sensoryL3] -> ascendingL2 -> [ascendingL3, sensoryL2]",descending,3,sensory,3,ascending,3,sensory,2
2784,mixed,mix->mix,mix,mix,2,1,1,555,2,1.979,10175,18.333,ascending,2,2,2,"[centralL1, descendingL2] -> ascendingL2 -> [ascendingL1, centralL3]",central,1,descending,2,ascending,1,central,3
50358,mixed,FWD->mix,FWD,mix,2,1,1,487,12,3.174,19471,39.982,ascending,3,2,2,"[ascendingL2, sensoryL2] -> ascendingL3 -> [centralL2, centralL3]",ascending,2,sensory,2,central,2,central,3
32955,mixed,FWD->mix,FWD,mix,2,1,1,487,6,1.015,15494,31.815,ascending,3,2,2,"[ascendingL2, centralL2] -> ascendingL3 -> [centralL3, descendingL2]",ascending,2,central,2,central,3,descending,2
21975,mixed,mix->mix,mix,mix,1,1,2,487,20,3.095,15585,32.002,ascending,3,2,2,"[ascendingL2, descendingL3] -> ascendingL3 -> [centralL2, centralL3]",ascending,2,descending,3,central,2,central,3
19007,mixed,mix->mix,mix,mix,1,1,2,487,8,2.121,20345,41.776,ascending,3,2,2,"[sensoryL2, sensoryL3] -> ascendingL3 -> [centralL2, centralL3]",sensory,2,sensory,3,central,2,central,3
17048,mixed,mix->mix,mix,mix,1,1,2,487,17,8.543,16871,34.643,ascending,3,2,2,"[ascendingL2, sensoryL3] -> ascendingL3 -> [centralL2, centralL3]",ascending,2,sensory,3,central,2,central,3
16630,mixed,FWD->mix,FWD,mix,2,1,1,487,12,1.166,15494,31.815,ascending,3,2,2,"[ascendingL2, descendingL2] -> ascendingL3 -> [centralL2, centralL3]",ascending,2,descending,2,central,2,central,3
14053,mixed,FWD->LAT,FWD,LAT,2,0,2,487,15,2.596,15585,32.002,ascending,3,2,2,"[ascendingL2, centralL2] -> ascendingL3 -> [centralL3, descendingL3]",ascending,2,central,2,central,3,descending,3
11951,mixed,mix->mix,mix,mix,1,1,2,487,7,4.104,17378,35.684,ascending,3,2,2,"[centralL2, sensoryL3] -> ascendingL3 -> [centralL3, visual_projectionL2]",central,2,sensory,3,central,3,visual_projection,2
10616,mixed,mix->LAT,mix,LAT,1,0,3,487,8,5.034,19031,39.078,ascending,3,2,2,"[centralL2, sensoryL3] -> ascendingL3 -> [centralL3, visual_projectionL3]",central,2,sensory,3,central,3,visual_projection,3
9756,mixed,mix->BWD,mix,BWD,1,2,1,487,6,1.04,15494,31.815,ascending,3,2,2,"[ascendingL2, centralL3] -> ascendingL3 -> [centralL2, descendingL2]",ascending,2,central,3,central,2,descending,2
8162,mixed,FWD->LAT,FWD,LAT,2,0,2,487,7,2.286,14162,29.08,ascending,3,2,2,"[ascendingL2, sensoryL2] -> ascendingL3 -> [centralL3, descendingL3]",ascending,2,sensory,2,central,3,descending,3
7698,mixed,FWD->mix,FWD,mix,2,1,1,487,4,2.377,19471,39.982,ascending,3,2,2,"[centralL2, sensoryL2] -> ascendingL3 -> [ascendingL2, centralL3]",central,2,sensory,2,ascending,2,central,3
7560,mixed,mix->mix,mix,mix,1,1,2,487,10,3.789,19059,39.136,ascending,3,2,2,"[descendingL3, sensoryL2] -> ascendingL3 -> [centralL2, centralL3]",descending,3,sensory,2,central,2,central,3
7548,mixed,mix->mix,mix,mix,1,1,2,487,1,1.0,15082,30.969,ascending,3,2,2,"[centralL2, descendingL3] -> ascendingL3 -> [centralL3, descendingL2]",central,2,descending,3,central,3,descending,2
7090,mixed,FWD->LAT,FWD,LAT,2,0,2,487,6,2.386,19059,39.136,ascending,3,2,2,"[centralL2, sensoryL2] -> ascendingL3 -> [centralL3, descendingL3]",central,2,sensory,2,central,3,descending,3
6980,mixed,mix->mix,mix,mix,1,1,2,487,13,3.557,15585,32.002,ascending,3,2,2,"[ascendingL2, centralL3] -> ascendingL3 -> [centralL2, descendingL3]",ascending,2,central,3,central,2,descending,3
6661,mixed,mix->BWD,mix,BWD,1,2,1,487,4,2.023,19471,39.982,ascending,3,2,2,"[centralL3, sensoryL2] -> ascendingL3 -> [ascendingL2, centralL2]",central,3,sensory,2,ascending,2,central,2
6586,mixed,FWD->mix,FWD,mix,2,1,1,487,9,5.133,16504,33.889,ascending,3,2,2,"[ascendingL2, centralL2] -> ascendingL3 -> [centralL3, visual_projectionL2]",ascending,2,central,2,central,3,visual_projection,2
6092,mixed,FWD->LAT,FWD,LAT,2,0,2,487,11,6.328,18157,37.283,ascending,3,2,2,"[ascendingL2, centralL2] -> ascendingL3 -> [centralL3, visual_projectionL3]",ascending,2,central,2,central,3,visual_projection,3
5961,mixed,mix->mix,mix,mix,1,1,2,487,4,1.066,10185,20.914,ascending,3,2,2,"[ascendingL2, descendingL3] -> ascendingL3 -> [centralL3, descendingL2]",ascending,2,descending,3,central,3,descending,2
9026828,mixed,mix->FWD,mix,FWD,2,1,1,535,2,1.0,15787,29.508,central,1,2,2,"[sensoryL1, sensoryL2] -> centralL1 -> [ascendingL2, centralL2]",sensory,1,sensory,2,ascending,2,central,2
1283590,mixed,BWD->mix,BWD,mix,1,2,1,535,2,1.0,15787,29.508,central,1,2,2,"[centralL2, sensoryL2] -> centralL1 -> [ascendingL2, sensoryL1]",central,2,sensory,2,ascending,2,sensory,1
868590,mixed,mix->FWD,mix,FWD,2,1,1,535,2,1.0,15787,29.508,central,1,2,2,"[centralL2, sensoryL1] -> centralL1 -> [ascendingL2, sensoryL2]",central,2,sensory,1,ascending,2,sensory,2
57993,mixed,mix->FWD,mix,FWD,2,1,1,535,43,5.582,6471,12.095,central,1,2,2,"[ascendingL1, ascendingL2] -> centralL1 -> [centralL2, visual_centrifugalL2]",ascending,1,ascending,2,central,2,visual_centrifugal,2
47534,mixed,BWD->FWD,BWD,FWD,2,2,0,535,36,2.985,7380,13.794,central,1,2,2,"[ascendingL2, visual_projectionL2] -> centralL1 -> [centralL2, visual_centrifugalL2]",ascending,2,visual_projection,2,central,2,visual_centrifugal,2
46299,mixed,mix->FWD,mix,FWD,2,1,1,535,24,3.224,6978,13.043,central,1,2,2,"[ascendingL1, visual_projectionL2] -> centralL1 -> [centralL2, visual_centrifugalL2]",ascending,1,visual_projection,2,central,2,visual_centrifugal,2
41907,mixed,BWD->mix,BWD,mix,1,2,1,535,33,6.846,6363,11.893,central,1,2,2,"[ascendingL2, centralL2] -> centralL1 -> [visual_centrifugalL1, visual_centrifugalL2]",ascending,2,central,2,visual_centrifugal,1,visual_centrifugal,2
35607,mixed,BWD->mix,BWD,mix,1,2,1,535,28,6.097,6870,12.841,central,1,2,2,"[centralL2, visual_projectionL2] -> centralL1 -> [visual_centrifugalL1, visual_centrifugalL2]",central,2,visual_projection,2,visual_centrifugal,1,visual_centrifugal,2
29484,mixed,BWD->FWD,BWD,FWD,2,2,0,535,9,1.693,6877,12.854,central,1,2,2,"[descendingL2, visual_projectionL2] -> centralL1 -> [centralL2, visual_centrifugalL2]",descending,2,visual_projection,2,central,2,visual_centrifugal,2
29328,mixed,mix->mix,mix,mix,1,1,2,535,21,6.538,5961,11.142,central,1,2,2,"[ascendingL1, centralL2] -> centralL1 -> [visual_centrifugalL1, visual_centrifugalL2]",ascending,1,central,2,visual_centrifugal,1,visual_centrifugal,2
27193,mixed,BWD->FWD,BWD,FWD,2,2,0,535,10,1.499,6370,11.907,central,1,2,2,"[ascendingL2, descendingL2] -> centralL1 -> [centralL2, visual_centrifugalL2]",ascending,2,descending,2,central,2,visual_centrifugal,2
24581,mixed,mix->FWD,mix,FWD,2,1,1,535,7,1.725,5968,11.155,central,1,2,2,"[ascendingL1, descendingL2] -> centralL1 -> [centralL2, visual_centrifugalL2]",ascending,1,descending,2,central,2,visual_centrifugal,2
23433,mixed,BWD->mix,BWD,mix,1,2,1,535,19,3.878,7114,13.297,central,1,2,2,"[ascendingL2, visual_projectionL2] -> centralL1 -> [centralL2, visual_centrifugalL1]",ascending,2,visual_projection,2,central,2,visual_centrifugal,1
15695,mixed,mix->mix,mix,mix,1,1,2,535,23,6.337,6205,11.598,central,1,2,2,"[ascendingL1, ascendingL2] -> centralL1 -> [centralL2, visual_centrifugalL1]",ascending,1,ascending,2,central,2,visual_centrifugal,1
15507,mixed,mix->FWD,mix,FWD,2,1,1,535,25,2.875,6906,12.908,central,1,2,2,"[visual_projectionL1, visual_projectionL2] -> centralL1 -> [centralL2, visual_centrifugalL2]",visual_projection,1,visual_projection,2,central,2,visual_centrifugal,2
11905,mixed,mix->FWD,mix,FWD,2,1,1,535,20,1.789,6399,11.961,central,1,2,2,"[ascendingL2, visual_projectionL1] -> centralL1 -> [centralL2, visual_centrifugalL2]",ascending,2,visual_projection,1,central,2,visual_centrifugal,2
11570,mixed,BWD->mix,BWD,mix,1,2,1,535,6,1.58,5860,10.953,central,1,2,2,"[centralL2, descendingL2] -> centralL1 -> [visual_centrifugalL1, visual_centrifugalL2]",central,2,descending,2,visual_centrifugal,1,visual_centrifugal,2
11543,mixed,mix->mix,mix,mix,1,1,2,535,18,5.41,5889,11.007,central,1,2,2,"[centralL2, visual_projectionL1] -> centralL1 -> [visual_centrifugalL1, visual_centrifugalL2]",central,2,visual_projection,1,visual_centrifugal,1,visual_centrifugal,2
11325,mixed,LAT->FWD,LAT,FWD,2,0,2,535,14,2.208,5997,11.209,central,1,2,2,"[ascendingL1, visual_projectionL1] -> centralL1 -> [centralL2, visual_centrifugalL2]",ascending,1,visual_projection,1,central,2,visual_centrifugal,2
9437,mixed,mix->mix,mix,mix,1,1,2,535,16,3.924,6712,12.546,central,1,2,2,"[ascendingL1, visual_projectionL2] -> centralL1 -> [centralL2, visual_centrifugalL1]",ascending,1,visual_projection,2,central,2,visual_centrifugal,1
31682459,mixed,mix->mix,mix,mix,2,1,1,5452,298,15.573,19750,3.623,central,2,2,2,"[sensoryL1, sensoryL2] -> centralL2 -> [centralL1, centralL3]",sensory,1,sensory,2,central,1,central,3
14758246,mixed,FWD->mix,FWD,mix,3,0,1,5452,71,4.563,19750,3.623,central,2,2,2,"[centralL1, sensoryL1] -> centralL2 -> [centralL3, sensoryL2]",central,1,sensory,1,central,3,sensory,2
7780871,mixed,mix->mix,mix,mix,2,1,1,5452,60,4.356,19750,3.623,central,2,2,2,"[centralL1, sensoryL2] -> centralL2 -> [centralL3, sensoryL1]",central,1,sensory,2,central,3,sensory,1
4680188,mixed,mix->mix,mix,mix,1,2,1,5452,70,4.722,19750,3.623,central,2,2,2,"[centralL3, sensoryL1] -> centralL2 -> [centralL1, sensoryL2]",central,3,sensory,1,central,1,sensory,2
3843267,mixed,mix->mix,mix,mix,1,2,1,5452,77,7.066,19750,3.623,central,2,2,2,"[centralL1, centralL3] -> centralL2 -> [sensoryL1, sensoryL2]",central,1,central,3,sensory,1,sensory,2
2402267,mixed,mix->BWD,mix,BWD,0,3,1,5452,54,4.308,19750,3.623,central,2,2,2,"[centralL3, sensoryL2] -> centralL2 -> [centralL1, sensoryL1]",central,3,sensory,2,central,1,sensory,1
1249004,pure_FWD,FWD->FWD,FWD,FWD,4,0,0,5452,30,5.186,18436,3.382,central,2,2,2,"[centralL1, sensoryL1] -> centralL2 -> [centralL3, visual_projectionL3]",central,1,sensory,1,central,3,visual_projection,3
773452,mixed,mix->mix,mix,mix,1,2,1,5452,134,7.187,13747,2.521,central,2,2,2,"[visual_projectionL2, visual_projectionL3] -> centralL2 -> [centralL1, centralL3]",visual_projection,2,visual_projection,3,central,1,central,3
587810,mixed,mix->FWD,mix,FWD,3,0,1,5452,21,2.149,16714,3.066,central,2,2,2,"[centralL1, sensoryL2] -> centralL2 -> [centralL3, visual_projectionL3]",central,1,sensory,2,central,3,visual_projection,3
355021,mixed,mix->mix,mix,mix,1,2,1,5452,12,2.882,10458,1.918,central,2,2,2,"[descendingL3, sensoryL1] -> centralL2 -> [centralL1, sensoryL2]",descending,3,sensory,1,central,1,sensory,2
348436,mixed,mix->mix,mix,mix,1,2,1,5452,188,4.894,11012,2.02,central,2,2,2,"[ascendingL2, ascendingL3] -> centralL2 -> [centralL1, centralL3]",ascending,2,ascending,3,central,1,central,3
345994,mixed,mix->mix,mix,mix,2,1,1,5452,53,1.631,13747,2.521,central,2,2,2,"[centralL1, centralL3] -> centralL2 -> [visual_projectionL2, visual_projectionL3]",central,1,central,3,visual_projection,2,visual_projection,3
345110,pure_FWD,FWD->FWD,FWD,FWD,4,0,0,5452,37,1.494,15864,2.91,central,2,2,2,"[centralL1, sensoryL1] -> centralL2 -> [centralL3, descendingL3]",central,1,sensory,1,central,3,descending,3
339584,mixed,mix->mix,mix,mix,2,2,0,5452,47,4.5,15864,2.91,central,2,2,2,"[descendingL3, sensoryL1] -> centralL2 -> [centralL1, centralL3]",descending,3,sensory,1,central,1,central,3
339043,mixed,mix->FWD,mix,FWD,3,0,1,5452,23,3.227,20644,3.787,central,2,2,2,"[sensoryL1, sensoryL2] -> centralL2 -> [centralL3, sensoryL3]",sensory,1,sensory,2,central,3,sensory,3
311107,mixed,mix->mix,mix,mix,1,1,2,5452,11,2.764,10870,1.994,central,2,2,2,"[ascendingL2, sensoryL1] -> centralL2 -> [centralL1, sensoryL2]",ascending,2,sensory,1,central,1,sensory,2
297991,mixed,mix->mix,mix,mix,2,1,1,5452,21,3.357,20644,3.787,central,2,2,2,"[centralL3, sensoryL1] -> centralL2 -> [sensoryL2, sensoryL3]",central,3,sensory,1,sensory,2,sensory,3
290857,mixed,mix->mix,mix,mix,2,0,2,5452,19,4.199,19770,3.626,central,2,2,2,"[ascendingL2, sensoryL1] -> centralL2 -> [centralL3, sensoryL2]",ascending,2,sensory,1,central,3,sensory,2
281692,mixed,mix->mix,mix,mix,2,1,1,5452,14,3.792,19358,3.551,central,2,2,2,"[descendingL3, sensoryL1] -> centralL2 -> [centralL3, sensoryL2]",descending,3,sensory,1,central,3,sensory,2
271352,mixed,mix->mix,mix,mix,1,2,1,5452,7,4.551,10458,1.918,central,2,2,2,"[centralL1, descendingL3] -> centralL2 -> [sensoryL1, sensoryL2]",central,1,descending,3,sensory,1,sensory,2
2234338,mixed,FWD->mix,FWD,mix,2,1,1,9435,39,2.456,11465,1.215,central,3,2,2,"[ascendingL2, centralL2] -> centralL3 -> [sensoryL2, sensoryL3]",ascending,2,central,2,sensory,2,sensory,3
1539146,mixed,FWD->mix,FWD,mix,2,1,1,9435,26,2.526,11465,1.215,central,3,2,2,"[ascendingL2, sensoryL2] -> centralL3 -> [centralL2, sensoryL3]",ascending,2,sensory,2,central,2,sensory,3
1390205,mixed,FWD->mix,FWD,mix,2,1,1,9435,8,2.074,11465,1.215,central,3,2,2,"[centralL2, sensoryL2] -> centralL3 -> [ascendingL2, sensoryL3]",central,2,sensory,2,ascending,2,sensory,3
1109837,mixed,mix->BWD,mix,BWD,1,2,1,9435,27,2.3,11465,1.215,central,3,2,2,"[ascendingL2, sensoryL3] -> centralL3 -> [centralL2, sensoryL2]",ascending,2,sensory,3,central,2,sensory,2
1045877,mixed,mix->BWD,mix,BWD,1,2,1,9435,8,2.013,11465,1.215,central,3,2,2,"[centralL2, sensoryL3] -> centralL3 -> [ascendingL2, sensoryL2]",central,2,sensory,3,ascending,2,sensory,2
1025585,mixed,mix->mix,mix,mix,1,1,2,9435,12,2.075,6500,0.689,central,3,2,2,"[ascendingL2, ascendingL3] -> centralL3 -> [sensoryL2, sensoryL3]",ascending,2,ascending,3,sensory,2,sensory,3
721516,mixed,mix->BWD,mix,BWD,1,2,1,9435,24,2.098,11465,1.215,central,3,2,2,"[sensoryL2, sensoryL3] -> centralL3 -> [ascendingL2, centralL2]",sensory,2,sensory,3,ascending,2,central,2
684673,mixed,mix->mix,mix,mix,1,1,2,9435,6,2.02,6500,0.689,central,3,2,2,"[ascendingL3, sensoryL2] -> centralL3 -> [ascendingL2, sensoryL3]",ascending,3,sensory,2,ascending,2,sensory,3
657341,mixed,mix->mix,mix,mix,1,1,2,9435,14,2.257,11397,1.208,central,3,2,2,"[ascendingL3, centralL2] -> centralL3 -> [sensoryL2, sensoryL3]",ascending,3,central,2,sensory,2,sensory,3
637584,mixed,mix->BWD,mix,BWD,1,2,1,9435,12,2.049,10523,1.115,central,3,2,2,"[ascendingL2, ascendingL3] -> centralL3 -> [centralL2, sensoryL2]",ascending,2,ascending,3,central,2,sensory,2
628603,mixed,mix->BWD,mix,BWD,1,2,1,9435,7,2.008,10523,1.115,central,3,2,2,"[ascendingL3, centralL2] -> centralL3 -> [ascendingL2, sensoryL2]",ascending,3,central,2,ascending,2,sensory,2
515424,mixed,LAT->BWD,LAT,BWD,0,2,2,9435,6,1.997,6500,0.689,central,3,2,2,"[ascendingL3, sensoryL3] -> centralL3 -> [ascendingL2, sensoryL2]",ascending,3,sensory,3,ascending,2,sensory,2
459051,mixed,mix->mix,mix,mix,1,1,2,9435,10,2.372,11397,1.208,central,3,2,2,"[ascendingL3, sensoryL2] -> centralL3 -> [centralL2, sensoryL3]",ascending,3,sensory,2,central,2,sensory,3
429471,mixed,mix->BWD,mix,BWD,1,2,1,9435,16,2.036,10523,1.115,central,3,2,2,"[ascendingL3, sensoryL2] -> centralL3 -> [ascendingL2, centralL2]",ascending,3,sensory,2,ascending,2,central,2
428612,mixed,FWD->LAT,FWD,LAT,2,0,2,9435,6,2.188,6500,0.689,central,3,2,2,"[ascendingL2, sensoryL2] -> centralL3 -> [ascendingL3, sensoryL3]",ascending,2,sensory,2,ascending,3,sensory,3
388469,mixed,mix->mix,mix,mix,1,1,2,9435,15,2.191,7923,0.84,central,3,2,2,"[ascendingL2, ascendingL3] -> centralL3 -> [centralL2, sensoryL3]",ascending,2,ascending,3,central,2,sensory,3
378447,mixed,FWD->mix,FWD,mix,2,1,1,9435,8,2.016,10523,1.115,central,3,2,2,"[ascendingL2, centralL2] -> centralL3 -> [ascendingL3, sensoryL2]",ascending,2,central,2,ascending,3,sensory,2
370779,mixed,mix->mix,mix,mix,1,1,2,9435,9,2.028,7923,0.84,central,3,2,2,"[ascendingL3, centralL2] -> centralL3 -> [ascendingL2, sensoryL3]",ascending,3,central,2,ascending,2,sensory,3
326336,mixed,LAT->BWD,LAT,BWD,0,2,2,9435,13,2.185,11397,1.208,central,3,2,2,"[ascendingL3, sensoryL3] -> centralL3 -> [centralL2, sensoryL2]",ascending,3,sensory,3,central,2,sensory,2
322014,mixed,mix->mix,mix,mix,1,1,2,9435,6,2.194,6500,0.689,central,3,2,2,"[ascendingL2, sensoryL3] -> centralL3 -> [ascendingL3, sensoryL2]",ascending,2,sensory,3,ascending,3,sensory,2
102,mixed,BWD->LAT,BWD,LAT,0,2,2,2,2,1.125,6587,3293.5,descending,1,2,2,"[ascendingL2, centralL2] -> descendingL1 -> [centralL1, visual_centrifugalL1]",ascending,2,central,2,central,1,visual_centrifugal,1
64,mixed,mix->LAT,mix,LAT,0,1,3,2,1,1.0,1288,644.0,descending,1,2,2,"[ascendingL1, ascendingL2] -> descendingL1 -> [centralL1, visual_centrifugalL1]",ascending,1,ascending,2,central,1,visual_centrifugal,1
54,mixed,BWD->mix,BWD,mix,1,2,1,2,2,1.246,6853,3426.5,descending,1,2,2,"[ascendingL2, centralL2] -> descendingL1 -> [centralL1, visual_centrifugalL2]",ascending,2,central,2,central,1,visual_centrifugal,2
50,mixed,BWD->mix,BWD,mix,1,2,1,2,2,1.083,6363,3181.5,descending,1,2,2,"[ascendingL2, centralL2] -> descendingL1 -> [visual_centrifugalL1, visual_centrifugalL2]",ascending,2,central,2,visual_centrifugal,1,visual_centrifugal,2
48,mixed,mix->mix,mix,mix,1,1,2,2,1,1.0,6587,3293.5,descending,1,2,2,"[ascendingL2, centralL1] -> descendingL1 -> [centralL2, visual_centrifugalL1]",ascending,2,central,1,central,2,visual_centrifugal,1
48,mixed,mix->mix,mix,mix,1,1,2,2,1,1.0,1446,723.0,descending,1,2,2,"[ascendingL2, centralL1] -> descendingL1 -> [visual_centrifugalL1, visual_centrifugalL2]",ascending,2,central,1,visual_centrifugal,1,visual_centrifugal,2
32,mixed,mix->mix,mix,mix,1,1,2,2,1,1.0,6695,3347.5,descending,1,2,2,"[ascendingL1, ascendingL2] -> descendingL1 -> [centralL1, centralL2]",ascending,1,ascending,2,central,1,central,2
32,mixed,mix->mix,mix,mix,1,1,2,2,1,1.0,1554,777.0,descending,1,2,2,"[ascendingL1, ascendingL2] -> descendingL1 -> [centralL1, visual_centrifugalL2]",ascending,1,ascending,2,central,1,visual_centrifugal,2
32,mixed,mix->mix,mix,mix,1,1,2,2,1,1.0,6205,3102.5,descending,1,2,2,"[ascendingL1, ascendingL2] -> descendingL1 -> [centralL2, visual_centrifugalL1]",ascending,1,ascending,2,central,2,visual_centrifugal,1
32,mixed,mix->mix,mix,mix,1,1,2,2,1,1.0,1064,532.0,descending,1,2,2,"[ascendingL1, ascendingL2] -> descendingL1 -> [visual_centrifugalL1, visual_centrifugalL2]",ascending,1,ascending,2,visual_centrifugal,1,visual_centrifugal,2
32,mixed,BWD->LAT,BWD,LAT,0,2,2,2,1,1.0,2197,1098.5,descending,1,2,2,"[ascendingL2, visual_projectionL2] -> descendingL1 -> [centralL1, visual_centrifugalL1]",ascending,2,visual_projection,2,central,1,visual_centrifugal,1
24,mixed,mix->LAT,mix,LAT,0,1,3,2,1,1.0,6185,3092.5,descending,1,2,2,"[ascendingL1, centralL2] -> descendingL1 -> [centralL1, visual_centrifugalL1]",ascending,1,central,2,central,1,visual_centrifugal,1
24,mixed,mix->FWD,mix,FWD,2,1,1,2,1,1.0,6853,3426.5,descending,1,2,2,"[ascendingL2, centralL1] -> descendingL1 -> [centralL2, visual_centrifugalL2]",ascending,2,central,1,central,2,visual_centrifugal,2
18,mixed,mix->mix,mix,mix,1,1,2,2,1,1.0,6343,3171.5,descending,1,2,2,"[centralL1, centralL2] -> descendingL1 -> [visual_centrifugalL1, visual_centrifugalL2]",central,1,central,2,visual_centrifugal,1,visual_centrifugal,2
16,mixed,mix->FWD,mix,FWD,2,1,1,2,1,1.0,6471,3235.5,descending,1,2,2,"[ascendingL1, ascendingL2] -> descendingL1 -> [centralL2, visual_centrifugalL2]",ascending,1,ascending,2,central,2,visual_centrifugal,2
16,mixed,BWD->mix,BWD,mix,1,2,1,2,1,1.0,7604,3802.0,descending,1,2,2,"[ascendingL2, visual_projectionL2] -> descendingL1 -> [centralL1, centralL2]",ascending,2,visual_projection,2,central,1,central,2
16,mixed,BWD->mix,BWD,mix,1,2,1,2,1,1.0,2463,1231.5,descending,1,2,2,"[ascendingL2, visual_projectionL2] -> descendingL1 -> [centralL1, visual_centrifugalL2]",ascending,2,visual_projection,2,central,1,visual_centrifugal,2
16,mixed,BWD->mix,BWD,mix,1,2,1,2,1,1.0,7114,3557.0,descending,1,2,2,"[ascendingL2, visual_projectionL2] -> descendingL1 -> [centralL2, visual_centrifugalL1]",ascending,2,visual_projection,2,central,2,visual_centrifugal,1
16,mixed,BWD->mix,BWD,mix,1,2,1,2,1,1.0,1973,986.5,descending,1,2,2,"[ascendingL2, visual_projectionL2] -> descendingL1 -> [visual_centrifugalL1, visual_centrifugalL2]",ascending,2,visual_projection,2,visual_centrifugal,1,visual_centrifugal,2
12,mixed,LAT->mix,LAT,mix,1,0,3,2,1,1.0,6185,3092.5,descending,1,2,2,"[ascendingL1, centralL1] -> descendingL1 -> [centralL2, visual_centrifugalL1]",ascending,1,central,1,central,2,visual_centrifugal,1
20282,mixed,mix->mix,mix,mix,1,1,2,52,6,2.443,15585,299.712,descending,2,2,2,"[ascendingL2, centralL3] -> descendingL2 -> [centralL2, descendingL3]",ascending,2,central,3,central,2,descending,3
14496,mixed,mix->LAT,mix,LAT,0,1,3,52,4,2.118,15753,302.942,descending,2,2,2,"[ascendingL2, centralL3] -> descendingL2 -> [centralL2, visual_centrifugalL2]",ascending,2,central,3,central,2,visual_centrifugal,2
13401,mixed,mix->mix,mix,mix,1,1,2,52,8,2.109,20345,391.25,descending,2,2,2,"[sensoryL2, sensoryL3] -> descendingL2 -> [centralL2, centralL3]",sensory,2,sensory,3,central,2,central,3
12886,mixed,mix->mix,mix,mix,2,0,2,52,10,1.41,15977,307.25,descending,2,2,2,"[ascendingL2, centralL1] -> descendingL2 -> [centralL2, centralL3]",ascending,2,central,1,central,2,central,3
12736,mixed,mix->mix,mix,mix,2,1,1,52,8,1.734,15565,299.327,descending,2,2,2,"[centralL1, centralL3] -> descendingL2 -> [centralL2, descendingL3]",central,1,central,3,central,2,descending,3
12702,mixed,BWD->mix,BWD,mix,1,2,1,52,5,2.262,16459,316.519,descending,2,2,2,"[centralL3, sensoryL3] -> descendingL2 -> [centralL2, descendingL3]",central,3,sensory,3,central,2,descending,3
12166,mixed,mix->mix,mix,mix,1,1,2,52,6,2.807,15929,306.327,descending,2,2,2,"[ascendingL2, ascendingL3] -> descendingL2 -> [centralL2, centralL3]",ascending,2,ascending,3,central,2,central,3
11949,mixed,mix->LAT,mix,LAT,1,1,2,52,4,1.518,15733,302.558,descending,2,2,2,"[centralL1, centralL3] -> descendingL2 -> [centralL2, visual_centrifugalL2]",central,1,central,3,central,2,visual_centrifugal,2
11484,mixed,LAT->FWD,LAT,FWD,2,0,2,52,6,2.373,15585,299.712,descending,2,2,2,"[ascendingL2, centralL2] -> descendingL2 -> [centralL3, descendingL3]",ascending,2,central,2,central,3,descending,3
10788,mixed,mix->mix,mix,mix,1,1,2,52,3,2.597,15341,295.019,descending,2,2,2,"[centralL2, centralL3] -> descendingL2 -> [descendingL3, visual_centrifugalL2]",central,2,central,3,descending,3,visual_centrifugal,2
10730,mixed,mix->mix,mix,mix,0,2,2,52,8,2.245,15977,307.25,descending,2,2,2,"[ascendingL2, centralL3] -> descendingL2 -> [centralL1, centralL2]",ascending,2,central,3,central,1,central,2
10052,mixed,LAT->mix,LAT,mix,1,0,3,52,4,2.397,15753,302.942,descending,2,2,2,"[ascendingL2, centralL2] -> descendingL2 -> [centralL3, visual_centrifugalL2]",ascending,2,central,2,central,3,visual_centrifugal,2
9612,mixed,mix->mix,mix,mix,0,2,2,52,5,3.131,15487,297.827,descending,2,2,2,"[ascendingL2, centralL3] -> descendingL2 -> [centralL2, visual_centrifugalL1]",ascending,2,central,3,central,2,visual_centrifugal,1
9222,mixed,mix->mix,mix,mix,1,1,2,52,6,2.987,15585,299.712,descending,2,2,2,"[ascendingL2, descendingL3] -> descendingL2 -> [centralL2, centralL3]",ascending,2,descending,3,central,2,central,3
9120,mixed,BWD->LAT,BWD,LAT,0,2,2,52,2,1.396,16627,319.75,descending,2,2,2,"[centralL3, sensoryL3] -> descendingL2 -> [centralL2, visual_centrifugalL2]",central,3,sensory,3,central,2,visual_centrifugal,2
8460,mixed,mix->FWD,mix,FWD,3,0,1,52,8,1.878,15565,299.327,descending,2,2,2,"[centralL1, centralL2] -> descendingL2 -> [centralL3, descendingL3]",central,1,central,2,central,3,descending,3
8080,mixed,LAT->mix,LAT,mix,1,1,2,52,5,3.314,15487,297.827,descending,2,2,2,"[ascendingL2, centralL2] -> descendingL2 -> [centralL3, visual_centrifugalL1]",ascending,2,central,2,central,3,visual_centrifugal,1
7741,mixed,mix->FWD,mix,FWD,2,1,1,52,5,2.908,16459,316.519,descending,2,2,2,"[centralL2, sensoryL3] -> descendingL2 -> [centralL3, descendingL3]",central,2,sensory,3,central,3,descending,3
7686,mixed,LAT->mix,LAT,mix,1,1,2,52,8,2.585,15977,307.25,descending,2,2,2,"[ascendingL2, centralL2] -> descendingL2 -> [centralL1, centralL3]",ascending,2,central,2,central,1,central,3
7490,mixed,mix->mix,mix,mix,2,0,2,52,4,1.472,15733,302.558,descending,2,2,2,"[centralL1, centralL2] -> descendingL2 -> [centralL3, visual_centrifugalL2]",central,1,central,2,central,3,visual_centrifugal,2
598062,mixed,mix->mix,mix,mix,1,1,2,143,2,1.981,16871,117.979,descending,3,2,2,"[centralL2, centralL3] -> descendingL3 -> [ascendingL2, sensoryL3]",central,2,central,3,ascending,2,sensory,3
548302,mixed,mix->mix,mix,mix,1,1,2,143,3,2.005,20345,142.273,descending,3,2,2,"[centralL2, centralL3] -> descendingL3 -> [sensoryL2, sensoryL3]",central,2,central,3,sensory,2,sensory,3
437290,mixed,FWD->mix,FWD,mix,2,1,1,143,3,1.9,11465,80.175,descending,3,2,2,"[ascendingL2, centralL2] -> descendingL3 -> [sensoryL2, sensoryL3]",ascending,2,central,2,sensory,2,sensory,3
353288,mixed,mix->mix,mix,mix,1,1,2,143,3,2.01,15448,108.028,descending,3,2,2,"[ascendingL2, centralL3] -> descendingL3 -> [sensoryL2, sensoryL3]",ascending,2,central,3,sensory,2,sensory,3
228954,mixed,mix->BWD,mix,BWD,1,2,1,143,2,1.985,19471,136.161,descending,3,2,2,"[centralL2, centralL3] -> descendingL3 -> [ascendingL2, sensoryL2]",central,2,central,3,ascending,2,sensory,2
218471,mixed,FWD->mix,FWD,mix,2,1,1,143,2,1.98,11465,80.175,descending,3,2,2,"[centralL2, sensoryL2] -> descendingL3 -> [ascendingL2, sensoryL3]",central,2,sensory,2,ascending,2,sensory,3
189882,mixed,mix->mix,mix,mix,1,1,2,143,2,1.824,15448,108.028,descending,3,2,2,"[centralL3, sensoryL2] -> descendingL3 -> [ascendingL2, sensoryL3]",central,3,sensory,2,ascending,2,sensory,3
176253,mixed,mix->mix,mix,mix,1,1,2,143,4,1.983,16871,117.979,descending,3,2,2,"[ascendingL2, centralL3] -> descendingL3 -> [centralL2, sensoryL3]",ascending,2,central,3,central,2,sensory,3
131003,mixed,mix->mix,mix,mix,1,1,2,143,25,3.969,15929,111.392,descending,3,2,2,"[ascendingL2, ascendingL3] -> descendingL3 -> [centralL2, centralL3]",ascending,2,ascending,3,central,2,central,3
128441,mixed,mix->mix,mix,mix,1,1,2,143,9,1.966,15929,111.392,descending,3,2,2,"[centralL2, centralL3] -> descendingL3 -> [ascendingL2, ascendingL3]",central,2,central,3,ascending,2,ascending,3
118100,mixed,mix->mix,mix,mix,1,1,2,143,14,1.756,15929,111.392,descending,3,2,2,"[ascendingL2, centralL3] -> descendingL3 -> [ascendingL3, centralL2]",ascending,2,central,3,ascending,3,central,2
116782,mixed,FWD->LAT,FWD,LAT,2,0,2,143,3,2.055,16871,117.979,descending,3,2,2,"[ascendingL2, centralL2] -> descendingL3 -> [centralL3, sensoryL3]",ascending,2,central,2,central,3,sensory,3
108943,mixed,FWD->mix,FWD,mix,2,1,1,143,17,3.15,19471,136.161,descending,3,2,2,"[ascendingL2, sensoryL2] -> descendingL3 -> [centralL2, centralL3]",ascending,2,sensory,2,central,2,central,3
96697,mixed,mix->LAT,mix,LAT,1,0,3,143,3,2.044,16803,117.503,descending,3,2,2,"[centralL2, centralL3] -> descendingL3 -> [ascendingL3, sensoryL3]",central,2,central,3,ascending,3,sensory,3
93539,mixed,mix->mix,mix,mix,1,1,2,143,3,1.755,20345,142.273,descending,3,2,2,"[centralL3, sensoryL2] -> descendingL3 -> [centralL2, sensoryL3]",central,3,sensory,2,central,2,sensory,3
88838,mixed,FWD->LAT,FWD,LAT,2,0,2,143,14,2.398,15929,111.392,descending,3,2,2,"[ascendingL2, centralL2] -> descendingL3 -> [ascendingL3, centralL3]",ascending,2,central,2,ascending,3,central,3
83028,mixed,mix->BWD,mix,BWD,1,2,1,143,2,1.924,11465,80.175,descending,3,2,2,"[centralL2, sensoryL3] -> descendingL3 -> [ascendingL2, sensoryL2]",central,2,sensory,3,ascending,2,sensory,2
76625,mixed,mix->BWD,mix,BWD,1,2,1,143,7,1.03,15753,110.161,descending,3,2,2,"[ascendingL2, centralL3] -> descendingL3 -> [centralL2, visual_centrifugalL2]",ascending,2,central,3,central,2,visual_centrifugal,2
76513,mixed,FWD->LAT,FWD,LAT,2,0,2,143,3,1.988,7923,55.406,descending,3,2,2,"[ascendingL2, centralL2] -> descendingL3 -> [ascendingL3, sensoryL3]",ascending,2,central,2,ascending,3,sensory,3
74682,mixed,mix->mix,mix,mix,1,1,2,143,2,1.002,15685,109.685,descending,3,2,2,"[centralL2, centralL3] -> descendingL3 -> [ascendingL3, visual_centrifugalL2]",central,2,central,3,ascending,3,visual_centrifugal,2
2180087,mixed,BWD->mix,BWD,mix,1,2,1,7034,31,3.311,37038,5.266,optic,1,2,2,"[opticL2, visual_centrifugalL2] -> opticL1 -> [visual_projectionL1, visual_projectionL2]",optic,2,visual_centrifugal,2,visual_projection,1,visual_projection,2
1821822,mixed,mix->FWD,mix,FWD,2,1,1,7034,54,3.845,37002,5.26,optic,1,2,2,"[visual_centrifugalL1, visual_centrifugalL2] -> opticL1 -> [opticL2, visual_projectionL2]",visual_centrifugal,1,visual_centrifugal,2,optic,2,visual_projection,2
1685511,mixed,mix->FWD,mix,FWD,2,1,1,7034,14,5.462,37002,5.26,optic,1,2,2,"[opticL2, visual_centrifugalL1] -> opticL1 -> [visual_centrifugalL2, visual_projectionL2]",optic,2,visual_centrifugal,1,visual_centrifugal,2,visual_projection,2
1396463,mixed,mix->mix,mix,mix,1,1,2,7034,39,2.9,36772,5.228,optic,1,2,2,"[opticL2, visual_centrifugalL1] -> opticL1 -> [visual_projectionL1, visual_projectionL2]",optic,2,visual_centrifugal,1,visual_projection,1,visual_projection,2
1202852,mixed,BWD->mix,BWD,mix,1,2,1,7034,13,3.315,37002,5.26,optic,1,2,2,"[opticL2, visual_centrifugalL2] -> opticL1 -> [visual_centrifugalL1, visual_projectionL2]",optic,2,visual_centrifugal,2,visual_centrifugal,1,visual_projection,2
363094,mixed,BWD->mix,BWD,mix,1,2,1,7034,6,2.14,37002,5.26,optic,1,2,2,"[opticL2, visual_projectionL2] -> opticL1 -> [visual_centrifugalL1, visual_centrifugalL2]",optic,2,visual_projection,2,visual_centrifugal,1,visual_centrifugal,2
330416,mixed,mix->FWD,mix,FWD,2,1,1,7034,8,2.513,37038,5.266,optic,1,2,2,"[visual_centrifugalL2, visual_projectionL1] -> opticL1 -> [opticL2, visual_projectionL2]",visual_centrifugal,2,visual_projection,1,optic,2,visual_projection,2
292289,mixed,mix->FWD,mix,FWD,2,1,1,7034,12,2.616,37002,5.26,optic,1,2,2,"[visual_centrifugalL1, visual_projectionL2] -> opticL1 -> [opticL2, visual_centrifugalL2]",visual_centrifugal,1,visual_projection,2,optic,2,visual_centrifugal,2
270849,mixed,mix->FWD,mix,FWD,2,1,1,7034,8,3.719,37038,5.266,optic,1,2,2,"[opticL2, visual_projectionL1] -> opticL1 -> [visual_centrifugalL2, visual_projectionL2]",optic,2,visual_projection,1,visual_centrifugal,2,visual_projection,2
235324,mixed,mix->mix,mix,mix,1,1,2,7034,57,3.08,36021,5.121,optic,1,2,2,"[visual_centrifugalL1, visual_centrifugalL2] -> opticL1 -> [opticL2, visual_projectionL1]",visual_centrifugal,1,visual_centrifugal,2,optic,2,visual_projection,1
229024,mixed,LAT->FWD,LAT,FWD,2,0,2,7034,7,2.538,36772,5.228,optic,1,2,2,"[visual_centrifugalL1, visual_projectionL1] -> opticL1 -> [opticL2, visual_projectionL2]",visual_centrifugal,1,visual_projection,1,optic,2,visual_projection,2
226548,mixed,BWD->mix,BWD,mix,1,2,1,7034,13,2.439,37038,5.266,optic,1,2,2,"[opticL2, visual_projectionL2] -> opticL1 -> [visual_centrifugalL2, visual_projectionL1]",optic,2,visual_projection,2,visual_centrifugal,2,visual_projection,1
223092,mixed,BWD->mix,BWD,mix,1,2,1,7034,7,2.863,37002,5.26,optic,1,2,2,"[visual_centrifugalL2, visual_projectionL2] -> opticL1 -> [opticL2, visual_centrifugalL1]",visual_centrifugal,2,visual_projection,2,optic,2,visual_centrifugal,1
195940,mixed,BWD->mix,BWD,mix,1,2,1,7034,22,5.053,37038,5.266,optic,1,2,2,"[visual_centrifugalL2, visual_projectionL2] -> opticL1 -> [opticL2, visual_projectionL1]",visual_centrifugal,2,visual_projection,2,optic,2,visual_projection,1
161136,mixed,mix->mix,mix,mix,1,1,2,7034,13,3.683,36021,5.121,optic,1,2,2,"[opticL2, visual_centrifugalL1] -> opticL1 -> [visual_centrifugalL2, visual_projectionL1]",optic,2,visual_centrifugal,1,visual_centrifugal,2,visual_projection,1
153294,mixed,BWD->LAT,BWD,LAT,0,2,2,7034,15,2.509,36021,5.121,optic,1,2,2,"[opticL2, visual_centrifugalL2] -> opticL1 -> [visual_centrifugalL1, visual_projectionL1]",optic,2,visual_centrifugal,2,visual_centrifugal,1,visual_projection,1
124012,mixed,mix->mix,mix,mix,1,1,2,7034,23,3.813,36772,5.228,optic,1,2,2,"[visual_centrifugalL1, visual_projectionL2] -> opticL1 -> [opticL2, visual_projectionL1]",visual_centrifugal,1,visual_projection,2,optic,2,visual_projection,1
122424,mixed,BWD->LAT,BWD,LAT,0,2,2,7034,7,2.657,36772,5.228,optic,1,2,2,"[opticL2, visual_projectionL2] -> opticL1 -> [visual_centrifugalL1, visual_projectionL1]",optic,2,visual_projection,2,visual_centrifugal,1,visual_projection,1
122138,mixed,mix->mix,mix,mix,1,1,2,7034,3,1.275,36772,5.228,optic,1,2,2,"[opticL2, visual_projectionL1] -> opticL1 -> [visual_centrifugalL1, visual_projectionL2]",optic,2,visual_projection,1,visual_centrifugal,1,visual_projection,2
72160,mixed,BWD->mix,BWD,mix,1,2,1,7034,1,1.0,37492,5.33,optic,1,2,2,"[opticL2, visual_centrifugalL2] -> opticL1 -> [centralL1, visual_projectionL2]",optic,2,visual_centrifugal,2,central,1,visual_projection,2
460985309,mixed,mix->mix,mix,mix,1,1,2,35584,1300,2.541,34032,0.956,optic,2,2,2,"[opticL3, visual_centrifugalL2] -> opticL2 -> [visual_projectionL2, visual_projectionL3]",optic,3,visual_centrifugal,2,visual_projection,2,visual_projection,3
128989659,mixed,mix->mix,mix,mix,2,1,1,35584,872,2.324,33766,0.949,optic,2,2,2,"[opticL3, visual_centrifugalL1] -> opticL2 -> [visual_projectionL2, visual_projectionL3]",optic,3,visual_centrifugal,1,visual_projection,2,visual_projection,3
119149710,mixed,LAT->FWD,LAT,FWD,2,0,2,35584,770,2.731,34032,0.956,optic,2,2,2,"[visual_centrifugalL2, visual_projectionL2] -> opticL2 -> [opticL3, visual_projectionL3]",visual_centrifugal,2,visual_projection,2,optic,3,visual_projection,3
104346054,mixed,BWD->mix,BWD,mix,1,2,1,35584,281,2.264,33802,0.95,optic,2,2,2,"[opticL3, visual_centrifugalL3] -> opticL2 -> [visual_projectionL2, visual_projectionL3]",optic,3,visual_centrifugal,3,visual_projection,2,visual_projection,3
99231006,mixed,mix->mix,mix,mix,1,2,1,35584,523,4.845,40755,1.145,optic,2,2,2,"[opticL3, visual_projectionL2] -> opticL2 -> [opticL1, visual_projectionL3]",optic,3,visual_projection,2,optic,1,visual_projection,3
79589818,mixed,mix->mix,mix,mix,1,2,1,35584,1128,4.466,40004,1.124,optic,2,2,2,"[opticL3, visual_centrifugalL2] -> opticL2 -> [opticL1, visual_projectionL3]",optic,3,visual_centrifugal,2,optic,1,visual_projection,3
58417525,mixed,mix->mix,mix,mix,1,1,2,35584,581,2.204,34032,0.956,optic,2,2,2,"[visual_centrifugalL2, visual_projectionL3] -> opticL2 -> [opticL3, visual_projectionL2]",visual_centrifugal,2,visual_projection,3,optic,3,visual_projection,2
54467504,mixed,mix->mix,mix,mix,2,1,1,35584,1663,5.749,40755,1.145,optic,2,2,2,"[opticL1, opticL3] -> opticL2 -> [visual_projectionL2, visual_projectionL3]",optic,1,optic,3,visual_projection,2,visual_projection,3
46600911,mixed,mix->mix,mix,mix,1,1,2,35584,104,3.222,34032,0.956,optic,2,2,2,"[opticL3, visual_projectionL2] -> opticL2 -> [visual_centrifugalL2, visual_projectionL3]",optic,3,visual_projection,2,visual_centrifugal,2,visual_projection,3
34407506,mixed,mix->mix,mix,mix,0,2,2,35584,986,2.656,38351,1.078,optic,2,2,2,"[opticL3, visual_centrifugalL2] -> opticL2 -> [opticL1, visual_projectionL2]",optic,3,visual_centrifugal,2,optic,1,visual_projection,2
33422595,mixed,mix->mix,mix,mix,1,2,1,35584,22,2.666,33766,0.949,optic,2,2,2,"[opticL3, visual_projectionL2] -> opticL2 -> [visual_centrifugalL1, visual_projectionL3]",optic,3,visual_projection,2,visual_centrifugal,1,visual_projection,3
32243505,mixed,mix->FWD,mix,FWD,3,0,1,35584,440,2.687,33766,0.949,optic,2,2,2,"[visual_centrifugalL1, visual_projectionL2] -> opticL2 -> [opticL3, visual_projectionL3]",visual_centrifugal,1,visual_projection,2,optic,3,visual_projection,3
31346963,mixed,mix->mix,mix,mix,1,2,1,35584,194,2.841,33802,0.95,optic,2,2,2,"[opticL3, visual_projectionL2] -> opticL2 -> [visual_projectionL1, visual_projectionL3]",optic,3,visual_projection,2,visual_projection,1,visual_projection,3
28342240,mixed,BWD->mix,BWD,mix,0,3,1,35584,313,4.009,40755,1.145,optic,2,2,2,"[opticL3, visual_projectionL3] -> opticL2 -> [opticL1, visual_projectionL2]",optic,3,visual_projection,3,optic,1,visual_projection,2
26383060,mixed,mix->FWD,mix,FWD,2,1,1,35584,149,2.365,33802,0.95,optic,2,2,2,"[visual_centrifugalL3, visual_projectionL2] -> opticL2 -> [opticL3, visual_projectionL3]",visual_centrifugal,3,visual_projection,2,optic,3,visual_projection,3
25448990,mixed,mix->mix,mix,mix,0,2,2,35584,43,1.821,31362,0.881,optic,2,2,2,"[opticL3, visual_centrifugalL2] -> opticL2 -> [visual_centrifugalL1, visual_projectionL2]",optic,3,visual_centrifugal,2,visual_centrifugal,1,visual_projection,2
25204013,mixed,mix->mix,mix,mix,2,1,1,35584,91,3.397,33802,0.95,optic,2,2,2,"[opticL3, visual_projectionL1] -> opticL2 -> [visual_projectionL2, visual_projectionL3]",optic,3,visual_projection,1,visual_projection,2,visual_projection,3
24656510,mixed,mix->mix,mix,mix,2,0,2,35584,732,1.99,31362,0.881,optic,2,2,2,"[visual_centrifugalL1, visual_centrifugalL2] -> opticL2 -> [opticL3, visual_projectionL2]",visual_centrifugal,1,visual_centrifugal,2,optic,3,visual_projection,2
24642069,mixed,mix->mix,mix,mix,1,2,1,35584,33,2.77,33015,0.928,optic,2,2,2,"[opticL3, visual_centrifugalL2] -> opticL2 -> [visual_centrifugalL1, visual_projectionL3]",optic,3,visual_centrifugal,2,visual_centrifugal,1,visual_projection,3
23661948,mixed,mix->FWD,mix,FWD,3,0,1,35584,705,2.642,33015,0.928,optic,2,2,2,"[visual_centrifugalL1, visual_centrifugalL2] -> opticL2 -> [opticL3, visual_projectionL3]",visual_centrifugal,1,visual_centrifugal,2,optic,3,visual_projection,3
5535255,mixed,FWD->mix,FWD,mix,2,1,1,29944,1465,4.31,39672,1.325,optic,3,2,2,"[opticL2, visual_centrifugalL2] -> opticL3 -> [visual_projectionL2, visual_projectionL3]",optic,2,visual_centrifugal,2,visual_projection,2,visual_projection,3
3116986,mixed,mix->BWD,mix,BWD,1,2,1,29944,48,1.836,39672,1.325,optic,3,2,2,"[visual_projectionL2, visual_projectionL3] -> opticL3 -> [opticL2, visual_centrifugalL2]",visual_projection,2,visual_projection,3,optic,2,visual_centrifugal,2
2178018,mixed,FWD->mix,FWD,mix,2,1,1,29944,945,3.001,39672,1.325,optic,3,2,2,"[visual_centrifugalL2, visual_projectionL2] -> opticL3 -> [opticL2, visual_projectionL3]",visual_centrifugal,2,visual_projection,2,optic,2,visual_projection,3
1753619,mixed,mix->BWD,mix,BWD,1,2,1,29944,720,4.29,39672,1.325,optic,3,2,2,"[visual_centrifugalL2, visual_projectionL3] -> opticL3 -> [opticL2, visual_projectionL2]",visual_centrifugal,2,visual_projection,3,optic,2,visual_projection,2
960784,mixed,mix->mix,mix,mix,1,1,2,29944,552,4.874,39442,1.317,optic,3,2,2,"[opticL2, visual_centrifugalL3] -> opticL3 -> [visual_projectionL2, visual_projectionL3]",optic,2,visual_centrifugal,3,visual_projection,2,visual_projection,3
864792,mixed,FWD->mix,FWD,mix,2,1,1,29944,67,1.185,39672,1.325,optic,3,2,2,"[opticL2, visual_projectionL2] -> opticL3 -> [visual_centrifugalL2, visual_projectionL3]",optic,2,visual_projection,2,visual_centrifugal,2,visual_projection,3
766741,mixed,mix->mix,mix,mix,1,1,2,29944,12,1.445,39442,1.317,optic,3,2,2,"[visual_projectionL2, visual_projectionL3] -> opticL3 -> [opticL2, visual_centrifugalL3]",visual_projection,2,visual_projection,3,optic,2,visual_centrifugal,3
674300,mixed,mix->mix,mix,mix,1,1,2,29944,25,1.638,38691,1.292,optic,3,2,2,"[visual_centrifugalL2, visual_projectionL3] -> opticL3 -> [opticL2, visual_centrifugalL3]",visual_centrifugal,2,visual_projection,3,optic,2,visual_centrifugal,3
600667,mixed,mix->BWD,mix,BWD,1,2,1,29944,71,1.757,39672,1.325,optic,3,2,2,"[opticL2, visual_projectionL3] -> opticL3 -> [visual_centrifugalL2, visual_projectionL2]",optic,2,visual_projection,3,visual_centrifugal,2,visual_projection,2
464856,mixed,mix->mix,mix,mix,1,1,2,29944,411,5.047,38691,1.292,optic,3,2,2,"[visual_centrifugalL2, visual_centrifugalL3] -> opticL3 -> [opticL2, visual_projectionL3]",visual_centrifugal,2,visual_centrifugal,3,optic,2,visual_projection,3
328112,mixed,mix->mix,mix,mix,1,1,2,29944,276,4.134,39442,1.317,optic,3,2,2,"[visual_centrifugalL3, visual_projectionL2] -> opticL3 -> [opticL2, visual_projectionL3]",visual_centrifugal,3,visual_projection,2,optic,2,visual_projection,3
294522,mixed,LAT->BWD,LAT,BWD,0,2,2,29944,31,1.718,38691,1.292,optic,3,2,2,"[visual_centrifugalL3, visual_projectionL3] -> opticL3 -> [opticL2, visual_centrifugalL2]",visual_centrifugal,3,visual_projection,3,optic,2,visual_centrifugal,2
184285,mixed,LAT->BWD,LAT,BWD,0,2,2,29944,277,3.502,39442,1.317,optic,3,2,2,"[visual_centrifugalL3, visual_projectionL3] -> opticL3 -> [opticL2, visual_projectionL2]",visual_centrifugal,3,visual_projection,3,optic,2,visual_projection,2
174099,mixed,mix->BWD,mix,BWD,1,2,1,29944,2,1.0,42639,1.424,optic,3,2,2,"[visual_centrifugalL2, visual_projectionL3] -> opticL3 -> [opticL2, sensoryL2]",visual_centrifugal,2,visual_projection,3,optic,2,sensory,2
168206,mixed,FWD->mix,FWD,mix,2,1,1,29944,20,1.484,37038,1.237,optic,3,2,2,"[visual_centrifugalL2, visual_projectionL2] -> opticL3 -> [opticL2, visual_centrifugalL3]",visual_centrifugal,2,visual_projection,2,optic,2,visual_centrifugal,3
145648,mixed,mix->mix,mix,mix,1,1,2,29944,7,1.281,38691,1.292,optic,3,2,2,"[opticL2, visual_projectionL3] -> opticL3 -> [visual_centrifugalL2, visual_centrifugalL3]",optic,2,visual_projection,3,visual_centrifugal,2,visual_centrifugal,3
143374,mixed,mix->BWD,mix,BWD,1,2,1,29944,1,1.0,43390,1.449,optic,3,2,2,"[visual_projectionL2, visual_projectionL3] -> opticL3 -> [opticL2, sensoryL2]",visual_projection,2,visual_projection,3,optic,2,sensory,2
116240,mixed,mix->mix,mix,mix,1,1,2,29944,38,1.676,38691,1.292,optic,3,2,2,"[opticL2, visual_centrifugalL3] -> opticL3 -> [visual_centrifugalL2, visual_projectionL3]",optic,2,visual_centrifugal,3,visual_centrifugal,2,visual_projection,3
103623,mixed,mix->BWD,mix,BWD,1,2,1,29944,287,7.147,37038,1.237,optic,3,2,2,"[visual_centrifugalL2, visual_centrifugalL3] -> opticL3 -> [opticL2, visual_projectionL2]",visual_centrifugal,2,visual_centrifugal,3,optic,2,visual_projection,2
79086,mixed,mix->BWD,mix,BWD,1,2,1,29944,23,1.721,37038,1.237,optic,3,2,2,"[visual_centrifugalL3, visual_projectionL2] -> opticL3 -> [opticL2, visual_centrifugalL2]",visual_centrifugal,3,visual_projection,2,optic,2,visual_centrifugal,2
410,mixed,mix->FWD,mix,FWD,2,1,1,4029,10,6.34,16459,4.085,sensory,2,2,2,"[centralL2, descendingL3] -> sensoryL2 -> [centralL3, sensoryL3]",central,2,descending,3,central,3,sensory,3
349,mixed,BWD->mix,BWD,mix,1,2,1,4029,6,2.385,16459,4.085,sensory,2,2,2,"[descendingL3, sensoryL3] -> sensoryL2 -> [centralL2, centralL3]",descending,3,sensory,3,central,2,central,3
235,mixed,mix->mix,mix,mix,0,2,2,4029,4,2.606,15977,3.966,sensory,2,2,2,"[ascendingL2, centralL3] -> sensoryL2 -> [centralL1, centralL2]",ascending,2,central,3,central,1,central,2
232,mixed,BWD->mix,BWD,mix,1,2,1,4029,3,1.576,16459,4.085,sensory,2,2,2,"[centralL3, descendingL3] -> sensoryL2 -> [centralL2, sensoryL3]",central,3,descending,3,central,2,sensory,3
226,mixed,mix->mix,mix,mix,1,2,1,4029,3,2.7,21173,5.255,sensory,2,2,2,"[centralL3, sensoryL1] -> sensoryL2 -> [centralL1, centralL2]",central,3,sensory,1,central,1,central,2
218,mixed,mix->mix,mix,mix,2,1,1,4029,3,2.077,15909,3.949,sensory,2,2,2,"[centralL1, centralL3] -> sensoryL2 -> [ascendingL3, centralL2]",central,1,central,3,ascending,3,central,2
214,mixed,mix->mix,mix,mix,1,2,1,4029,15,9.895,15565,3.863,sensory,2,2,2,"[centralL2, centralL3] -> sensoryL2 -> [centralL1, descendingL3]",central,2,central,3,central,1,descending,3
208,mixed,mix->LAT,mix,LAT,1,1,2,4029,2,1.899,15977,3.966,sensory,2,2,2,"[centralL1, centralL3] -> sensoryL2 -> [ascendingL2, centralL2]",central,1,central,3,ascending,2,central,2
168,mixed,BWD->mix,BWD,mix,1,2,1,4029,2,1.324,16459,4.085,sensory,2,2,2,"[centralL3, sensoryL3] -> sensoryL2 -> [centralL2, descendingL3]",central,3,sensory,3,central,2,descending,3
165,mixed,mix->FWD,mix,FWD,3,0,1,4029,2,1.999,15451,3.835,sensory,2,2,2,"[centralL1, centralL2] -> sensoryL2 -> [centralL3, endocrineL3]",central,1,central,2,central,3,endocrine,3
159,mixed,LAT->mix,LAT,mix,1,1,2,4029,3,1.764,15977,3.966,sensory,2,2,2,"[ascendingL2, centralL2] -> sensoryL2 -> [centralL1, centralL3]",ascending,2,central,2,central,1,central,3
140,mixed,mix->mix,mix,mix,1,1,2,4029,2,1.324,15585,3.868,sensory,2,2,2,"[ascendingL2, centralL3] -> sensoryL2 -> [centralL2, descendingL3]",ascending,2,central,3,central,2,descending,3
138,mixed,mix->mix,mix,mix,2,1,1,4029,2,1.155,15565,3.863,sensory,2,2,2,"[centralL1, centralL3] -> sensoryL2 -> [centralL2, descendingL3]",central,1,central,3,central,2,descending,3
136,mixed,LAT->FWD,LAT,FWD,2,0,2,4029,4,1.446,15585,3.868,sensory,2,2,2,"[ascendingL2, centralL2] -> sensoryL2 -> [centralL3, descendingL3]",ascending,2,central,2,central,3,descending,3
126,mixed,mix->FWD,mix,FWD,2,1,1,4029,4,3.31,15517,3.851,sensory,2,2,2,"[centralL2, descendingL3] -> sensoryL2 -> [ascendingL3, centralL3]",central,2,descending,3,ascending,3,central,3
110,mixed,mix->FWD,mix,FWD,3,0,1,4029,2,1.984,16851,4.182,sensory,2,2,2,"[centralL1, centralL2] -> sensoryL2 -> [centralL3, sensoryL3]",central,1,central,2,central,3,sensory,3
102,mixed,mix->mix,mix,mix,2,0,2,4029,3,2.558,15977,3.966,sensory,2,2,2,"[centralL1, centralL2] -> sensoryL2 -> [ascendingL2, centralL3]",central,1,central,2,ascending,2,central,3
100,mixed,mix->mix,mix,mix,2,1,1,4029,1,1.0,15565,3.863,sensory,2,2,2,"[centralL1, descendingL3] -> sensoryL2 -> [centralL2, centralL3]",central,1,descending,3,central,2,central,3
98,mixed,mix->mix,mix,mix,1,1,2,4029,3,1.749,15082,3.743,sensory,2,2,2,"[centralL2, centralL3] -> sensoryL2 -> [descendingL2, descendingL3]",central,2,central,3,descending,2,descending,3
97,mixed,mix->mix,mix,mix,2,1,1,4029,2,1.021,15527,3.854,sensory,2,2,2,"[ascendingL1, ascendingL3] -> sensoryL2 -> [centralL2, centralL3]",ascending,1,ascending,3,central,2,central,3
678,mixed,mix->mix,mix,mix,1,1,2,1429,14,5.53,19059,13.337,sensory,3,2,2,"[descendingL3, sensoryL2] -> sensoryL3 -> [centralL2, centralL3]",descending,3,sensory,2,central,2,central,3
238,mixed,mix->mix,mix,mix,1,1,2,1429,5,2.808,10111,7.076,sensory,3,2,2,"[descendingL3, sensoryL2] -> sensoryL3 -> [ascendingL3, centralL2]",descending,3,sensory,2,ascending,3,central,2
170,mixed,mix->mix,mix,mix,1,1,2,1429,5,2.254,15082,10.554,sensory,3,2,2,"[centralL2, centralL3] -> sensoryL3 -> [descendingL2, descendingL3]",central,2,central,3,descending,2,descending,3
157,mixed,LAT->BWD,LAT,BWD,0,2,2,1429,5,1.639,15929,11.147,sensory,3,2,2,"[ascendingL3, centralL3] -> sensoryL3 -> [ascendingL2, centralL2]",ascending,3,central,3,ascending,2,central,2
154,mixed,LAT->mix,LAT,mix,0,1,3,1429,4,1.578,15517,10.859,sensory,3,2,2,"[ascendingL3, centralL3] -> sensoryL3 -> [centralL2, descendingL3]",ascending,3,central,3,central,2,descending,3
140,mixed,mix->LAT,mix,LAT,1,0,3,1429,5,2.948,15517,10.859,sensory,3,2,2,"[centralL2, descendingL3] -> sensoryL3 -> [ascendingL3, centralL3]",central,2,descending,3,ascending,3,central,3
115,mixed,FWD->LAT,FWD,LAT,2,0,2,1429,3,2.195,19403,13.578,sensory,3,2,2,"[centralL2, sensoryL2] -> sensoryL3 -> [ascendingL3, centralL3]",central,2,sensory,2,ascending,3,central,3
92,mixed,LAT->BWD,LAT,BWD,0,2,2,1429,6,4.215,19059,13.337,sensory,3,2,2,"[centralL3, descendingL3] -> sensoryL3 -> [centralL2, sensoryL2]",central,3,descending,3,central,2,sensory,2
82,mixed,LAT->mix,LAT,mix,0,1,3,1429,4,2.281,10620,7.432,sensory,3,2,2,"[ascendingL3, centralL3] -> sensoryL3 -> [ascendingL2, descendingL3]",ascending,3,central,3,ascending,2,descending,3
70,mixed,mix->LAT,mix,LAT,1,0,3,1429,3,1.336,10620,7.432,sensory,3,2,2,"[ascendingL2, ascendingL3] -> sensoryL3 -> [centralL3, descendingL3]",ascending,2,ascending,3,central,3,descending,3
59,mixed,mix->mix,mix,mix,1,1,2,1429,6,3.563,15929,11.147,sensory,3,2,2,"[ascendingL2, centralL3] -> sensoryL3 -> [ascendingL3, centralL2]",ascending,2,central,3,ascending,3,central,2
57,mixed,mix->mix,mix,mix,1,1,2,1429,5,3.259,19059,13.337,sensory,3,2,2,"[centralL3, sensoryL2] -> sensoryL3 -> [centralL2, descendingL3]",central,3,sensory,2,central,2,descending,3
54,mixed,mix->LAT,mix,LAT,1,0,3,1429,3,2.39,14094,9.863,sensory,3,2,2,"[descendingL3, sensoryL2] -> sensoryL3 -> [ascendingL3, centralL3]",descending,3,sensory,2,ascending,3,central,3
54,mixed,mix->BWD,mix,BWD,1,2,1,1429,1,1.0,9676,6.771,sensory,3,2,2,"[descendingL3, sensoryL2] -> sensoryL3 -> [centralL2, descendingL2]",descending,3,sensory,2,central,2,descending,2
52,mixed,mix->LAT,mix,LAT,1,0,3,1429,5,3.449,10620,7.432,sensory,3,2,2,"[ascendingL2, descendingL3] -> sensoryL3 -> [ascendingL3, centralL3]",ascending,2,descending,3,ascending,3,central,3
49,mixed,mix->mix,mix,mix,1,1,2,1429,3,2.776,10185,7.127,sensory,3,2,2,"[descendingL2, descendingL3] -> sensoryL3 -> [ascendingL2, centralL3]",descending,2,descending,3,ascending,2,central,3
46,mixed,mix->mix,mix,mix,1,1,2,1429,5,3.919,19059,13.337,sensory,3,2,2,"[centralL2, descendingL3] -> sensoryL3 -> [centralL3, sensoryL2]",central,2,descending,3,central,3,sensory,2
45,mixed,mix->mix,mix,mix,1,1,2,1429,3,2.125,15082,10.554,sensory,3,2,2,"[descendingL2, descendingL3] -> sensoryL3 -> [centralL2, centralL3]",descending,2,descending,3,central,2,central,3
38,mixed,mix->LAT,mix,LAT,1,0,3,1429,3,1.994,15111,10.575,sensory,3,2,2,"[centralL2, centralL3] -> sensoryL3 -> [descendingL3, visual_centrifugalL3]",central,2,central,3,descending,3,visual_centrifugal,3
36,mixed,FWD->LAT,FWD,LAT,2,0,2,1429,5,3.6,19059,13.337,sensory,3,2,2,"[centralL2, sensoryL2] -> sensoryL3 -> [centralL3, descendingL3]",central,2,sensory,2,central,3,descending,3
668439453,mixed,mix->mix,mix,mix,1,1,2,45,20,2.899,48605,1080.111,visual_centrifugal,1,2,2,"[centralL1, centralL2] -> visual_centrifugalL1 -> [opticL1, opticL2]",central,1,central,2,optic,1,optic,2
280849331,mixed,BWD->mix,BWD,mix,1,2,1,45,22,3.963,49132,1091.822,visual_centrifugal,1,2,2,"[centralL2, visual_projectionL2] -> visual_centrifugalL1 -> [opticL1, opticL2]",central,2,visual_projection,2,optic,1,optic,2
181182234,mixed,mix->mix,mix,mix,1,1,2,45,18,4.05,44215,982.556,visual_centrifugal,1,2,2,"[centralL1, visual_projectionL2] -> visual_centrifugalL1 -> [opticL1, opticL2]",central,1,visual_projection,2,optic,1,optic,2
179485064,mixed,BWD->mix,BWD,mix,1,2,1,45,14,3.675,48625,1080.556,visual_centrifugal,1,2,2,"[ascendingL2, centralL2] -> visual_centrifugalL1 -> [opticL1, opticL2]",ascending,2,central,2,optic,1,optic,2
164528983,mixed,mix->mix,mix,mix,1,1,2,45,15,3.46,48223,1071.622,visual_centrifugal,1,2,2,"[ascendingL1, centralL2] -> visual_centrifugalL1 -> [opticL1, opticL2]",ascending,1,central,2,optic,1,optic,2
112191385,mixed,mix->mix,mix,mix,1,1,2,45,14,3.993,43708,971.289,visual_centrifugal,1,2,2,"[ascendingL2, centralL1] -> visual_centrifugalL1 -> [opticL1, opticL2]",ascending,2,central,1,optic,1,optic,2
101494399,mixed,LAT->mix,LAT,mix,1,0,3,45,17,3.6,43306,962.356,visual_centrifugal,1,2,2,"[ascendingL1, centralL1] -> visual_centrifugalL1 -> [opticL1, opticL2]",ascending,1,central,1,optic,1,optic,2
83342351,mixed,BWD->mix,BWD,mix,1,2,1,45,14,2.478,44235,983.0,visual_centrifugal,1,2,2,"[ascendingL2, visual_projectionL2] -> visual_centrifugalL1 -> [opticL1, opticL2]",ascending,2,visual_projection,2,optic,1,optic,2
74146925,mixed,mix->mix,mix,mix,1,1,2,45,14,2.544,43833,974.067,visual_centrifugal,1,2,2,"[ascendingL1, visual_projectionL2] -> visual_centrifugalL1 -> [opticL1, opticL2]",ascending,1,visual_projection,2,optic,1,optic,2
51468173,mixed,mix->mix,mix,mix,1,1,2,45,11,2.388,43326,962.8,visual_centrifugal,1,2,2,"[ascendingL1, ascendingL2] -> visual_centrifugalL1 -> [opticL1, opticL2]",ascending,1,ascending,2,optic,1,optic,2
50938310,mixed,BWD->mix,BWD,mix,1,2,1,45,3,2.003,48122,1069.378,visual_centrifugal,1,2,2,"[centralL2, descendingL2] -> visual_centrifugalL1 -> [opticL1, opticL2]",central,2,descending,2,optic,1,optic,2
37163677,mixed,BWD->mix,BWD,mix,1,2,1,45,17,3.782,48381,1075.133,visual_centrifugal,1,2,2,"[centralL2, visual_centrifugalL2] -> visual_centrifugalL1 -> [opticL1, opticL2]",central,2,visual_centrifugal,2,optic,1,optic,2
30688975,mixed,BWD->mix,BWD,mix,1,2,1,45,3,1.925,43732,971.822,visual_centrifugal,1,2,2,"[descendingL2, visual_projectionL2] -> visual_centrifugalL1 -> [opticL1, opticL2]",descending,2,visual_projection,2,optic,1,optic,2
30381865,mixed,mix->FWD,mix,FWD,2,1,1,45,20,4.079,42633,947.4,visual_centrifugal,1,2,2,"[centralL1, centralL2] -> visual_centrifugalL1 -> [opticL2, visual_projectionL2]",central,1,central,2,optic,2,visual_projection,2
26576552,mixed,mix->mix,mix,mix,1,1,2,45,3,2.003,43205,960.111,visual_centrifugal,1,2,2,"[centralL1, descendingL2] -> visual_centrifugalL1 -> [opticL1, opticL2]",central,1,descending,2,optic,1,optic,2
24234883,mixed,mix->mix,mix,mix,1,1,2,45,16,3.804,43464,965.867,visual_centrifugal,1,2,2,"[centralL1, visual_centrifugalL2] -> visual_centrifugalL1 -> [opticL1, opticL2]",central,1,visual_centrifugal,2,optic,1,optic,2
23436942,mixed,mix->mix,mix,mix,1,1,2,45,3,2.805,48072,1068.267,visual_centrifugal,1,2,2,"[centralL2, descendingL1] -> visual_centrifugalL1 -> [opticL1, opticL2]",central,2,descending,1,optic,1,optic,2
22078896,mixed,BWD->mix,BWD,mix,1,2,1,45,2,1.931,43225,960.556,visual_centrifugal,1,2,2,"[ascendingL2, descendingL2] -> visual_centrifugalL1 -> [opticL1, opticL2]",ascending,2,descending,2,optic,1,optic,2
20578814,mixed,mix->mix,mix,mix,1,1,2,45,3,2.0,42823,951.622,visual_centrifugal,1,2,2,"[ascendingL1, descendingL2] -> visual_centrifugalL1 -> [opticL1, opticL2]",ascending,1,descending,2,optic,1,optic,2
15973182,mixed,BWD->mix,BWD,mix,1,2,1,45,19,2.584,43991,977.578,visual_centrifugal,1,2,2,"[visual_centrifugalL2, visual_projectionL2] -> visual_centrifugalL1 -> [opticL1, opticL2]",visual_centrifugal,2,visual_projection,2,optic,1,optic,2
1560832441,mixed,mix->mix,mix,mix,1,1,2,311,82,3.894,48605,156.286,visual_centrifugal,2,2,2,"[centralL1, centralL2] -> visual_centrifugalL2 -> [opticL1, opticL2]",central,1,central,2,optic,1,optic,2
1284918903,mixed,mix->mix,mix,mix,0,2,2,311,81,3.897,57505,184.904,visual_centrifugal,2,2,2,"[centralL2, centralL3] -> visual_centrifugalL2 -> [opticL1, opticL2]",central,2,central,3,optic,1,optic,2
704928513,mixed,mix->mix,mix,mix,1,2,1,311,73,3.9,52588,169.093,visual_centrifugal,2,2,2,"[centralL1, centralL3] -> visual_centrifugalL2 -> [opticL1, opticL2]",central,1,central,3,optic,1,optic,2
398604508,mixed,LAT->mix,LAT,mix,0,1,3,311,65,4.002,49132,157.981,visual_centrifugal,2,2,2,"[centralL2, visual_projectionL2] -> visual_centrifugalL2 -> [opticL1, opticL2]",central,2,visual_projection,2,optic,1,optic,2
285285543,mixed,mix->mix,mix,mix,1,1,2,311,119,10.677,80415,258.569,visual_centrifugal,2,2,2,"[centralL2, centralL3] -> visual_centrifugalL2 -> [opticL2, opticL3]",central,2,central,3,optic,2,optic,3
279287156,mixed,LAT->mix,LAT,mix,0,1,3,311,51,3.622,48625,156.35,visual_centrifugal,2,2,2,"[ascendingL2, centralL2] -> visual_centrifugalL2 -> [opticL1, opticL2]",ascending,2,central,2,optic,1,optic,2
243303950,mixed,mix->mix,mix,mix,0,2,2,311,32,2.865,48557,156.132,visual_centrifugal,2,2,2,"[ascendingL3, centralL2] -> visual_centrifugalL2 -> [opticL1, opticL2]",ascending,3,central,2,optic,1,optic,2
230231738,mixed,mix->mix,mix,mix,0,2,2,311,22,3.905,48151,154.826,visual_centrifugal,2,2,2,"[centralL2, visual_centrifugalL3] -> visual_centrifugalL2 -> [opticL1, opticL2]",central,2,visual_centrifugal,3,optic,1,optic,2
220261732,mixed,mix->mix,mix,mix,1,1,2,311,57,3.948,44215,142.17,visual_centrifugal,2,2,2,"[centralL1, visual_projectionL2] -> visual_centrifugalL2 -> [opticL1, opticL2]",central,1,visual_projection,2,optic,1,optic,2
216073761,mixed,mix->mix,mix,mix,1,1,2,311,49,3.737,48223,155.058,visual_centrifugal,2,2,2,"[ascendingL1, centralL2] -> visual_centrifugalL2 -> [opticL1, opticL2]",ascending,1,central,2,optic,1,optic,2
212197736,mixed,mix->mix,mix,mix,2,0,2,311,120,6.258,71515,229.952,visual_centrifugal,2,2,2,"[centralL1, centralL2] -> visual_centrifugalL2 -> [opticL2, opticL3]",central,1,central,2,optic,2,optic,3
178909579,mixed,mix->mix,mix,mix,0,2,2,311,61,4.079,53115,170.788,visual_centrifugal,2,2,2,"[centralL3, visual_projectionL2] -> visual_centrifugalL2 -> [opticL1, opticL2]",central,3,visual_projection,2,optic,1,optic,2
159302290,mixed,mix->mix,mix,mix,0,2,2,311,58,3.516,50785,163.296,visual_centrifugal,2,2,2,"[centralL2, visual_projectionL3] -> visual_centrifugalL2 -> [opticL1, opticL2]",central,2,visual_projection,3,optic,1,optic,2
154452478,mixed,mix->mix,mix,mix,1,1,2,311,49,3.596,43708,140.54,visual_centrifugal,2,2,2,"[ascendingL2, centralL1] -> visual_centrifugalL2 -> [opticL1, opticL2]",ascending,2,central,1,optic,1,optic,2
134227709,mixed,mix->mix,mix,mix,1,2,1,311,29,2.868,43640,140.322,visual_centrifugal,2,2,2,"[ascendingL3, centralL1] -> visual_centrifugalL2 -> [opticL1, opticL2]",ascending,3,central,1,optic,1,optic,2
126956912,mixed,mix->mix,mix,mix,1,2,1,311,21,3.895,43234,139.016,visual_centrifugal,2,2,2,"[centralL1, visual_centrifugalL3] -> visual_centrifugalL2 -> [opticL1, opticL2]",central,1,visual_centrifugal,3,optic,1,optic,2
126144084,mixed,LAT->mix,LAT,mix,1,0,3,311,117,11.169,72042,231.646,visual_centrifugal,2,2,2,"[centralL2, visual_projectionL2] -> visual_centrifugalL2 -> [opticL2, opticL3]",central,2,visual_projection,2,optic,2,optic,3
125088461,mixed,mix->mix,mix,mix,0,2,2,311,48,3.638,52608,169.158,visual_centrifugal,2,2,2,"[ascendingL2, centralL3] -> visual_centrifugalL2 -> [opticL1, opticL2]",ascending,2,central,3,optic,1,optic,2
122080441,mixed,mix->mix,mix,mix,2,1,1,311,100,8.517,75498,242.759,visual_centrifugal,2,2,2,"[centralL1, centralL3] -> visual_centrifugalL2 -> [opticL2, opticL3]",central,1,central,3,optic,2,optic,3
119436650,mixed,FWD->mix,FWD,mix,2,1,1,311,47,3.718,43306,139.248,visual_centrifugal,2,2,2,"[ascendingL1, centralL1] -> visual_centrifugalL2 -> [opticL1, opticL2]",ascending,1,central,1,optic,1,optic,2
479385206,mixed,mix->mix,mix,mix,1,1,2,81,22,1.018,69305,855.617,visual_centrifugal,3,2,2,"[visual_projectionL2, visual_projectionL3] -> visual_centrifugalL3 -> [opticL2, opticL3]",visual_projection,2,visual_projection,3,optic,2,optic,3
384182573,mixed,LAT->mix,LAT,mix,0,1,3,81,24,1.022,77678,958.988,visual_centrifugal,3,2,2,"[centralL3, visual_projectionL3] -> visual_centrifugalL3 -> [opticL2, opticL3]",central,3,visual_projection,3,optic,2,optic,3
288115721,mixed,mix->mix,mix,mix,1,1,2,81,25,1.021,73695,909.815,visual_centrifugal,3,2,2,"[centralL2, visual_projectionL3] -> visual_centrifugalL3 -> [opticL2, opticL3]",central,2,visual_projection,3,optic,2,optic,3
192801533,mixed,mix->mix,mix,mix,1,1,2,81,14,1.029,68554,846.346,visual_centrifugal,3,2,2,"[visual_centrifugalL2, visual_projectionL3] -> visual_centrifugalL3 -> [opticL2, opticL3]",visual_centrifugal,2,visual_projection,3,optic,2,optic,3
95379695,mixed,mix->mix,mix,mix,1,1,2,81,12,1.007,68798,849.358,visual_centrifugal,3,2,2,"[ascendingL2, visual_projectionL3] -> visual_centrifugalL3 -> [opticL2, opticL3]",ascending,2,visual_projection,3,optic,2,optic,3
47518597,mixed,LAT->mix,LAT,mix,0,1,3,81,5,1.0,68730,848.519,visual_centrifugal,3,2,2,"[ascendingL3, visual_projectionL3] -> visual_centrifugalL3 -> [opticL2, opticL3]",ascending,3,visual_projection,3,optic,2,optic,3
47511970,mixed,LAT->mix,LAT,mix,0,1,3,81,1,1.0,68386,844.272,visual_centrifugal,3,2,2,"[descendingL3, visual_projectionL3] -> visual_centrifugalL3 -> [opticL2, opticL3]",descending,3,visual_projection,3,optic,2,optic,3
18138934,mixed,mix->mix,mix,mix,1,1,2,81,28,1.443,76025,938.58,visual_centrifugal,3,2,2,"[centralL3, visual_projectionL2] -> visual_centrifugalL3 -> [opticL2, opticL3]",central,3,visual_projection,2,optic,2,optic,3
13252040,mixed,FWD->mix,FWD,mix,2,1,1,81,30,1.379,72042,889.407,visual_centrifugal,3,2,2,"[centralL2, visual_projectionL2] -> visual_centrifugalL3 -> [opticL2, opticL3]",central,2,visual_projection,2,optic,2,optic,3
12936049,mixed,mix->LAT,mix,LAT,1,0,3,81,24,1.338,43156,532.79,visual_centrifugal,3,2,2,"[centralL3, visual_projectionL2] -> visual_centrifugalL3 -> [opticL3, visual_projectionL3]",central,3,visual_projection,2,optic,3,visual_projection,3
12147560,mixed,mix->mix,mix,mix,1,1,2,81,38,1.756,80415,992.778,visual_centrifugal,3,2,2,"[centralL2, centralL3] -> visual_centrifugalL3 -> [opticL2, opticL3]",central,2,central,3,optic,2,optic,3
11567358,mixed,mix->mix,mix,mix,1,1,2,81,7,1.035,34032,420.148,visual_centrifugal,3,2,2,"[visual_projectionL2, visual_projectionL3] -> visual_centrifugalL3 -> [opticL3, visual_centrifugalL2]",visual_projection,2,visual_projection,3,optic,3,visual_centrifugal,2
9512958,mixed,FWD->LAT,FWD,LAT,2,0,2,81,24,1.295,39173,483.617,visual_centrifugal,3,2,2,"[centralL2, visual_projectionL2] -> visual_centrifugalL3 -> [opticL3, visual_projectionL3]",central,2,visual_projection,2,optic,3,visual_projection,3
9346526,mixed,LAT->mix,LAT,mix,0,1,3,81,10,1.056,42405,523.519,visual_centrifugal,3,2,2,"[centralL3, visual_projectionL3] -> visual_centrifugalL3 -> [opticL3, visual_centrifugalL2]",central,3,visual_projection,3,optic,3,visual_centrifugal,2
9252815,mixed,FWD->mix,FWD,mix,2,1,1,81,18,1.497,66901,825.938,visual_centrifugal,3,2,2,"[visual_centrifugalL2, visual_projectionL2] -> visual_centrifugalL3 -> [opticL2, opticL3]",visual_centrifugal,2,visual_projection,2,optic,2,optic,3
8197392,mixed,mix->LAT,mix,LAT,1,0,3,81,35,1.497,47546,586.988,visual_centrifugal,3,2,2,"[centralL2, centralL3] -> visual_centrifugalL3 -> [opticL3, visual_projectionL3]",central,2,central,3,optic,3,visual_projection,3
8197144,mixed,mix->mix,mix,mix,1,1,2,81,23,1.776,75274,929.309,visual_centrifugal,3,2,2,"[centralL3, visual_centrifugalL2] -> visual_centrifugalL3 -> [opticL2, opticL3]",central,3,visual_centrifugal,2,optic,2,optic,3
7741666,mixed,LAT->mix,LAT,mix,0,1,3,81,20,1.13,43156,532.79,visual_centrifugal,3,2,2,"[centralL3, visual_projectionL3] -> visual_centrifugalL3 -> [opticL3, visual_projectionL2]",central,3,visual_projection,3,optic,3,visual_projection,2
7100872,mixed,mix->mix,mix,mix,1,1,2,81,10,1.082,38422,474.346,visual_centrifugal,3,2,2,"[centralL2, visual_projectionL3] -> visual_centrifugalL3 -> [opticL3, visual_centrifugalL2]",central,2,visual_projection,3,optic,3,visual_centrifugal,2
6744105,mixed,FWD->LAT,FWD,LAT,2,0,2,81,15,1.435,34032,420.148,visual_centrifugal,3,2,2,"[visual_centrifugalL2, visual_projectionL2] -> visual_centrifugalL3 -> [opticL3, visual_projectionL3]",visual_centrifugal,2,visual_projection,2,optic,3,visual_projection,3
366183,mixed,mix->mix,mix,mix,1,1,2,81,20,1.518,48605,600.062,visual_projection,1,2,2,"[opticL1, opticL2] -> visual_projectionL1 -> [centralL1, centralL2]",optic,1,optic,2,central,1,central,2
338580,mixed,mix->FWD,mix,FWD,2,1,1,81,21,2.217,48381,597.296,visual_projection,1,2,2,"[opticL1, opticL2] -> visual_projectionL1 -> [centralL2, visual_centrifugalL2]",optic,1,optic,2,central,2,visual_centrifugal,2
305373,mixed,BWD->FWD,BWD,FWD,2,2,0,81,29,7.625,42409,523.568,visual_projection,1,2,2,"[opticL2, visual_projectionL2] -> visual_projectionL1 -> [centralL2, visual_centrifugalL2]",optic,2,visual_projection,2,central,2,visual_centrifugal,2
246128,mixed,mix->FWD,mix,FWD,2,1,1,81,16,1.736,49132,606.568,visual_projection,1,2,2,"[opticL1, opticL2] -> visual_projectionL1 -> [centralL2, visual_projectionL2]",optic,1,optic,2,central,2,visual_projection,2
224800,mixed,BWD->mix,BWD,mix,1,2,1,81,25,3.383,42633,526.333,visual_projection,1,2,2,"[opticL2, visual_projectionL2] -> visual_projectionL1 -> [centralL1, centralL2]",optic,2,visual_projection,2,central,1,central,2
216813,mixed,BWD->mix,BWD,mix,1,2,1,81,23,2.099,41882,517.062,visual_projection,1,2,2,"[opticL2, visual_centrifugalL2] -> visual_projectionL1 -> [centralL1, centralL2]",optic,2,visual_centrifugal,2,central,1,central,2
167047,mixed,BWD->FWD,BWD,FWD,2,2,0,81,10,1.16,42409,523.568,visual_projection,1,2,2,"[visual_centrifugalL2, visual_projectionL2] -> visual_projectionL1 -> [centralL2, opticL2]",visual_centrifugal,2,visual_projection,2,central,2,optic,2
159856,mixed,mix->mix,mix,mix,1,1,2,81,6,1.163,48115,594.012,visual_projection,1,2,2,"[opticL1, opticL2] -> visual_projectionL1 -> [centralL2, visual_centrifugalL1]",optic,1,optic,2,central,2,visual_centrifugal,1
159360,mixed,BWD->FWD,BWD,FWD,2,2,0,81,25,2.825,42409,523.568,visual_projection,1,2,2,"[opticL2, visual_centrifugalL2] -> visual_projectionL1 -> [centralL2, visual_projectionL2]",optic,2,visual_centrifugal,2,central,2,visual_projection,2
105621,mixed,BWD->mix,BWD,mix,1,2,1,81,13,1.946,41392,511.012,visual_projection,1,2,2,"[opticL2, visual_centrifugalL2] -> visual_projectionL1 -> [centralL2, visual_centrifugalL1]",optic,2,visual_centrifugal,2,central,2,visual_centrifugal,1
97097,mixed,BWD->mix,BWD,mix,1,2,1,81,13,2.603,42143,520.284,visual_projection,1,2,2,"[opticL2, visual_projectionL2] -> visual_projectionL1 -> [centralL2, visual_centrifugalL1]",optic,2,visual_projection,2,central,2,visual_centrifugal,1
74210,mixed,mix->mix,mix,mix,1,1,2,81,18,1.975,43464,536.593,visual_projection,1,2,2,"[opticL1, opticL2] -> visual_projectionL1 -> [centralL1, visual_centrifugalL2]",optic,1,optic,2,central,1,visual_centrifugal,2
60994,mixed,BWD->mix,BWD,mix,1,2,1,81,5,2.365,48381,597.296,visual_projection,1,2,2,"[opticL2, visual_centrifugalL2] -> visual_projectionL1 -> [centralL2, opticL1]",optic,2,visual_centrifugal,2,central,2,optic,1
56684,mixed,BWD->mix,BWD,mix,1,2,1,81,7,2.385,49132,606.568,visual_projection,1,2,2,"[opticL2, visual_projectionL2] -> visual_projectionL1 -> [centralL2, opticL1]",optic,2,visual_projection,2,central,2,optic,1
54498,mixed,mix->FWD,mix,FWD,2,1,1,81,8,1.111,49132,606.568,visual_projection,1,2,2,"[opticL1, visual_projectionL2] -> visual_projectionL1 -> [centralL2, opticL2]",optic,1,visual_projection,2,central,2,optic,2
52674,mixed,mix->mix,mix,mix,1,1,2,81,11,1.453,44215,545.864,visual_projection,1,2,2,"[opticL1, opticL2] -> visual_projectionL1 -> [centralL1, visual_projectionL2]",optic,1,optic,2,central,1,visual_projection,2
50677,mixed,BWD->mix,BWD,mix,1,2,1,81,23,4.899,37492,462.864,visual_projection,1,2,2,"[opticL2, visual_projectionL2] -> visual_projectionL1 -> [centralL1, visual_centrifugalL2]",optic,2,visual_projection,2,central,1,visual_centrifugal,2
46552,mixed,mix->FWD,mix,FWD,2,1,1,81,14,1.987,43991,543.099,visual_projection,1,2,2,"[opticL1, opticL2] -> visual_projectionL1 -> [visual_centrifugalL2, visual_projectionL2]",optic,1,optic,2,visual_centrifugal,2,visual_projection,2
46004,mixed,BWD->mix,BWD,mix,1,2,1,81,13,5.041,37002,456.815,visual_projection,1,2,2,"[opticL2, visual_projectionL2] -> visual_projectionL1 -> [visual_centrifugalL1, visual_centrifugalL2]",optic,2,visual_projection,2,visual_centrifugal,1,visual_centrifugal,2
43972,mixed,mix->mix,mix,mix,1,1,2,81,16,1.583,13332,164.593,visual_projection,1,2,2,"[opticL1, visual_centrifugalL2] -> visual_projectionL1 -> [centralL1, centralL2]",optic,1,visual_centrifugal,2,central,1,central,2
59010736,mixed,mix->FWD,mix,FWD,2,1,1,1062,308,7.936,77678,73.143,visual_projection,2,2,2,"[opticL2, opticL3] -> visual_projectionL2 -> [centralL3, visual_projectionL3]",optic,2,optic,3,central,3,visual_projection,3
49525571,mixed,mix->mix,mix,mix,1,1,2,1062,356,9.703,80415,75.72,visual_projection,2,2,2,"[opticL2, opticL3] -> visual_projectionL2 -> [centralL2, centralL3]",optic,2,optic,3,central,2,central,3
22847572,mixed,mix->mix,mix,mix,1,1,2,1062,265,4.605,73695,69.393,visual_projection,2,2,2,"[opticL2, opticL3] -> visual_projectionL2 -> [centralL2, visual_projectionL3]",optic,2,optic,3,central,2,visual_projection,3
22775756,mixed,mix->mix,mix,mix,1,1,2,1062,192,8.054,75274,70.879,visual_projection,2,2,2,"[opticL2, opticL3] -> visual_projectionL2 -> [centralL3, visual_centrifugalL2]",optic,2,optic,3,central,3,visual_centrifugal,2
10988832,mixed,mix->LAT,mix,LAT,0,1,3,1062,174,13.169,71291,67.129,visual_projection,2,2,2,"[opticL2, opticL3] -> visual_projectionL2 -> [centralL2, visual_centrifugalL2]",optic,2,optic,3,central,2,visual_centrifugal,2
10843670,mixed,mix->mix,mix,mix,1,2,1,1062,76,2.058,68778,64.763,visual_projection,2,2,2,"[opticL2, opticL3] -> visual_projectionL2 -> [centralL1, visual_projectionL3]",optic,2,optic,3,central,1,visual_projection,3
10459748,mixed,mix->mix,mix,mix,1,2,1,1062,137,5.348,75498,71.09,visual_projection,2,2,2,"[opticL2, opticL3] -> visual_projectionL2 -> [centralL1, centralL3]",optic,2,optic,3,central,1,central,3
10393036,mixed,mix->mix,mix,mix,1,2,1,1062,105,5.165,75008,70.629,visual_projection,2,2,2,"[opticL2, opticL3] -> visual_projectionL2 -> [centralL3, visual_centrifugalL1]",optic,2,optic,3,central,3,visual_centrifugal,1
10274755,mixed,mix->mix,mix,mix,1,2,1,1062,132,5.113,75044,70.663,visual_projection,2,2,2,"[opticL2, opticL3] -> visual_projectionL2 -> [centralL3, visual_projectionL1]",optic,2,optic,3,central,3,visual_projection,1
10124911,mixed,mix->mix,mix,mix,1,1,2,1062,125,10.789,68554,64.552,visual_projection,2,2,2,"[opticL2, opticL3] -> visual_projectionL2 -> [visual_centrifugalL2, visual_projectionL3]",optic,2,optic,3,visual_centrifugal,2,visual_projection,3
8568816,mixed,LAT->FWD,LAT,FWD,2,0,2,1062,146,4.493,68554,64.552,visual_projection,2,2,2,"[opticL2, visual_centrifugalL2] -> visual_projectionL2 -> [opticL3, visual_projectionL3]",optic,2,visual_centrifugal,2,optic,3,visual_projection,3
8168744,mixed,mix->FWD,mix,FWD,3,0,1,1062,79,3.905,75277,70.882,visual_projection,2,2,2,"[opticL1, opticL2] -> visual_projectionL2 -> [opticL3, visual_projectionL3]",optic,1,optic,2,optic,3,visual_projection,3
7332504,mixed,mix->mix,mix,mix,0,2,2,1062,141,9.749,71515,67.34,visual_projection,2,2,2,"[opticL2, opticL3] -> visual_projectionL2 -> [centralL1, centralL2]",optic,2,optic,3,central,1,central,2
7196871,mixed,mix->mix,mix,mix,1,2,1,1062,115,6.167,68324,64.335,visual_projection,2,2,2,"[opticL2, opticL3] -> visual_projectionL2 -> [visual_projectionL1, visual_projectionL3]",optic,2,optic,3,visual_projection,1,visual_projection,3
7116878,mixed,mix->mix,mix,mix,1,1,2,1062,228,20.553,53186,50.081,visual_projection,2,2,2,"[opticL2, visual_projectionL3] -> visual_projectionL2 -> [centralL2, centralL3]",optic,2,visual_projection,3,central,2,central,3
6685337,mixed,mix->mix,mix,mix,2,0,2,1062,162,3.447,57505,54.148,visual_projection,2,2,2,"[opticL1, opticL2] -> visual_projectionL2 -> [centralL2, centralL3]",optic,1,optic,2,central,2,central,3
5739724,mixed,mix->mix,mix,mix,1,2,1,1062,67,4.411,68288,64.301,visual_projection,2,2,2,"[opticL2, opticL3] -> visual_projectionL2 -> [visual_centrifugalL1, visual_projectionL3]",optic,2,optic,3,visual_centrifugal,1,visual_projection,3
5713109,mixed,mix->mix,mix,mix,0,2,2,1062,97,8.02,71025,66.879,visual_projection,2,2,2,"[opticL2, opticL3] -> visual_projectionL2 -> [centralL2, visual_centrifugalL1]",optic,2,optic,3,central,2,visual_centrifugal,1
5639140,mixed,mix->mix,mix,mix,1,2,1,1062,36,4.014,75277,70.882,visual_projection,2,2,2,"[opticL2, opticL3] -> visual_projectionL2 -> [opticL1, visual_projectionL3]",optic,2,optic,3,optic,1,visual_projection,3
5350239,mixed,mix->FWD,mix,FWD,2,1,1,1062,157,10.657,77678,73.143,visual_projection,2,2,2,"[opticL2, visual_projectionL3] -> visual_projectionL2 -> [centralL3, opticL3]",optic,2,visual_projection,3,central,3,optic,3
28330762,mixed,mix->mix,mix,mix,1,1,2,2715,660,6.264,80415,29.619,visual_projection,3,2,2,"[opticL2, opticL3] -> visual_projectionL3 -> [centralL2, centralL3]",optic,2,optic,3,central,2,central,3
15760287,mixed,mix->BWD,mix,BWD,1,2,1,2715,403,2.287,72042,26.535,visual_projection,3,2,2,"[opticL2, opticL3] -> visual_projectionL3 -> [centralL2, visual_projectionL2]",optic,2,optic,3,central,2,visual_projection,2
9599039,mixed,mix->mix,mix,mix,1,1,2,2715,194,2.744,75274,27.725,visual_projection,3,2,2,"[opticL2, opticL3] -> visual_projectionL3 -> [centralL3, visual_centrifugalL2]",optic,2,optic,3,central,3,visual_centrifugal,2
9149716,mixed,mix->mix,mix,mix,1,1,2,2715,606,6.932,76025,28.002,visual_projection,3,2,2,"[opticL2, opticL3] -> visual_projectionL3 -> [centralL3, visual_projectionL2]",optic,2,optic,3,central,3,visual_projection,2
3841956,mixed,FWD->mix,FWD,mix,2,1,1,2715,205,3.658,72042,26.535,visual_projection,3,2,2,"[opticL2, visual_projectionL2] -> visual_projectionL3 -> [centralL2, opticL3]",optic,2,visual_projection,2,central,2,optic,3
3265581,mixed,mix->LAT,mix,LAT,1,0,3,2715,296,1.683,75044,27.641,visual_projection,3,2,2,"[opticL2, opticL3] -> visual_projectionL3 -> [centralL3, visual_centrifugalL3]",optic,2,optic,3,central,3,visual_centrifugal,3
3182937,mixed,FWD->mix,FWD,mix,2,1,1,2715,159,2.486,66901,24.641,visual_projection,3,2,2,"[visual_centrifugalL2, visual_projectionL2] -> visual_projectionL3 -> [opticL2, opticL3]",visual_centrifugal,2,visual_projection,2,optic,2,optic,3
2766611,mixed,mix->BWD,mix,BWD,1,2,1,2715,139,4.979,71291,26.258,visual_projection,3,2,2,"[opticL2, opticL3] -> visual_projectionL3 -> [centralL2, visual_centrifugalL2]",optic,2,optic,3,central,2,visual_centrifugal,2
2621742,mixed,FWD->LAT,FWD,LAT,2,0,2,2715,297,8.424,76025,28.002,visual_projection,3,2,2,"[opticL2, visual_projectionL2] -> visual_projectionL3 -> [centralL3, opticL3]",optic,2,visual_projection,2,central,3,optic,3
2245670,mixed,FWD->mix,FWD,mix,2,1,1,2715,178,2.665,71291,26.258,visual_projection,3,2,2,"[opticL2, visual_centrifugalL2] -> visual_projectionL3 -> [centralL2, opticL3]",optic,2,visual_centrifugal,2,central,2,optic,3
1784498,mixed,FWD->mix,FWD,mix,2,1,1,2715,269,5.223,66901,24.641,visual_projection,3,2,2,"[opticL2, visual_centrifugalL2] -> visual_projectionL3 -> [opticL3, visual_projectionL2]",optic,2,visual_centrifugal,2,optic,3,visual_projection,2
1762517,mixed,mix->mix,mix,mix,1,1,2,2715,51,1.465,65920,24.28,visual_projection,3,2,2,"[opticL2, opticL3] -> visual_projectionL3 -> [visual_centrifugalL2, visual_centrifugalL3]",optic,2,optic,3,visual_centrifugal,2,visual_centrifugal,3
1350533,mixed,mix->BWD,mix,BWD,1,2,1,2715,181,5.293,72042,26.535,visual_projection,3,2,2,"[opticL3, visual_projectionL2] -> visual_projectionL3 -> [centralL2, opticL2]",optic,3,visual_projection,2,central,2,optic,2
1291537,mixed,FWD->LAT,FWD,LAT,2,0,2,2715,280,5.71,75274,27.725,visual_projection,3,2,2,"[opticL2, visual_centrifugalL2] -> visual_projectionL3 -> [centralL3, opticL3]",optic,2,visual_centrifugal,2,central,3,optic,3
1211137,mixed,mix->BWD,mix,BWD,1,2,1,2715,117,6.118,66901,24.641,visual_projection,3,2,2,"[opticL2, opticL3] -> visual_projectionL3 -> [visual_centrifugalL2, visual_projectionL2]",optic,2,optic,3,visual_centrifugal,2,visual_projection,2
1130053,mixed,mix->mix,mix,mix,1,1,2,2715,256,8.743,76025,28.002,visual_projection,3,2,2,"[opticL3, visual_projectionL2] -> visual_projectionL3 -> [centralL3, opticL2]",optic,3,visual_projection,2,central,3,optic,2
963033,mixed,mix->BWD,mix,BWD,1,2,1,2715,217,3.586,66901,24.641,visual_projection,3,2,2,"[opticL3, visual_centrifugalL2] -> visual_projectionL3 -> [opticL2, visual_projectionL2]",optic,3,visual_centrifugal,2,optic,2,visual_projection,2
933512,mixed,FWD->mix,FWD,mix,2,1,1,2715,277,6.31,51533,18.981,visual_projection,3,2,2,"[opticL2, visual_projectionL2] -> visual_projectionL3 -> [centralL2, centralL3]",optic,2,visual_projection,2,central,2,central,3
898816,mixed,mix->mix,mix,mix,1,1,2,2715,269,5.184,45893,16.903,visual_projection,3,2,2,"[opticL3, visual_projectionL2] -> visual_projectionL3 -> [centralL2, centralL3]",optic,3,visual_projection,2,central,2,central,3
897724,mixed,mix->BWD,mix,BWD,1,2,1,2715,153,4.813,71291,26.258,visual_projection,3,2,2,"[opticL3, visual_centrifugalL2] -> visual_projectionL3 -> [centralL2, opticL2]",optic,3,visual_centrifugal,2,central,2,optic,2
