waist,n_pattern,massa,massa_max
MBL3,115513,62544093207.0,366080715.0
OL.VMNPL2,112637,10591754528.0,339861350.0
AL.MBL2,63620,9622953856.0,1515876724.0
AL.LHL2,156109,3835666054.0,516549638.0
OL.VMNPL1,9635,1383493226.0,168591062.0
GNG.OLL1,33908,1076776868.0,101203779.0
OL.VLNPL2,137567,823529762.0,34402652.0
OLL2,54898,781777577.0,46116062.0
ALL2,69005,468555015.0,34601831.0
INP.MBL3,11785,266418679.0,10699050.0
INP.MBL2,15796,230010998.0,12440188.0
OL.VLNPL3,12284,216624301.0,32350315.0
MB.SNPL3,4472,191242506.0,60415531.0
VLNPL3,492075,179802445.0,149114.0
LHL2,279837,169016526.0,709786.0
MB.SNPL2,15086,128991020.0,10061840.0
ALL1,5198,78457178.0,5763648.0
AL.VLNPL2,173686,63227552.0,269298.0
OL.VMNPL3,9540,41485474.0,1252507.0
LX.VLNPL2,239328,39648169.0,53430.0
VLNP.VMNPL2,239640,29709852.0,130854.0
AL.PENPL2,138015,29195903.0,48620.0
VLNPL2,232972,26473025.0,90090.0
VMNPL2,269189,24460685.0,26250.0
MB.VLNPL3,12611,17506536.0,684936.0
PENP.SNPL2,3045,17076171.0,1169640.0
PENP.VMNPL2,76558,16464945.0,83339.0
OLL3,10216,16203008.0,1041520.0
LH.MBL3,21256,15493602.0,152250.0
PENPL2,37475,15482423.0,175967.0
LHL3,57005,14299950.0,124087.0
OL.VLNPL1,10729,13674047.0,668086.0
GNG.VMNPL2,108452,13638481.0,94665.0
PENPL3,21529,11933491.0,157251.0
SNPL3,130534,11747955.0,19902.0
INP.LXL2,80647,11406432.0,15240.0
SNPL2,82098,10172930.0,24002.0
VMNPL3,112151,9287641.0,14895.0
ALL3,2380,8466983.0,682342.0
GNGL3,11843,8449631.0,270543.0
CX.VLNPL2,6561,8246673.0,317814.0
OLL1,5172,7597146.0,694377.0
LX.VLNPL3,11492,6967297.0,41580.0
VLNP.VMNPL3,105846,6587190.0,4303.0
GNG.PENPL2,23432,6567327.0,200113.0
PENP.SNPL3,23923,6445781.0,196730.0
SNP.VLNPL2,115878,6441719.0,8927.0
GNG.PENPL3,7774,6066209.0,223885.0
INP.OLL2,5904,5986475.0,302226.0
LX.SNPL3,44447,5775981.0,16650.0
LH.SNPL2,36190,5064322.0,56032.0
LX.VMNPL1,10591,4530916.0,84794.0
LH.MBL2,13133,4065420.0,37960.0
PENP.VLNPL3,31979,3724038.0,33942.0
AL.LXL2,27112,3687573.0,11880.0
INP.VLNPL3,32244,3645631.0,10106.0
LX.VMNPL2,36363,3598234.0,14440.0
LXL2,49583,3485098.0,13288.0
GNG.VLNPL2,78018,3140012.0,4832.0
CXL2,3251,3016670.0,76160.0
PENP.VLNPL2,15538,2943953.0,83031.0
LX.OLL2,32052,2830639.0,11560.0
GNG.SNPL2,23473,2725502.0,82973.0
INP.LXL3,24082,2482819.0,7680.0
AL.VLNPL1,2124,2242150.0,49296.0
GNG.LHL2,9405,2203273.0,34960.0
AL.VMNPL2,17454,1966230.0,13478.0
GNGL2,23184,1925126.0,13980.0
GNG.VMNPL3,29523,1545648.0,4254.0
OL.SNPL2,3913,1543093.0,63198.0
SNP.VLNPL3,16119,1499297.0,14032.0
LH.SNPL3,11581,1379852.0,9701.0
INP.SNPL3,13225,1264294.0,8640.0
OL.SNPL3,3418,1222843.0,74250.0
VMNPL1,9211,1183105.0,14306.0
GNG.VMNPL1,11903,1180801.0,12554.0
SNP.VMNPL2,42450,1115721.0,1100.0
MBL2,4879,1104368.0,52416.0
LH.VLNPL3,20496,1072497.0,2616.0
INP.PENPL2,27712,947357.0,1430.0
INP.VLNPL2,28591,906150.0,1335.0
INP.SNPL2,33840,885848.0,1924.0
LXL1,9361,829521.0,3900.0
INPL3,10503,783283.0,10656.0
GNG.SNPL3,10019,724803.0,7494.0
VLNPL1,6815,678678.0,13396.0
GNG.VLNPL3,16006,650314.0,3310.0
AL.INPL1,948,634998.0,24960.0
AL.PENPL1,2018,575511.0,17476.0
LX.VMNPL3,6634,479243.0,6757.0
AL.SNPL2,4161,458536.0,11098.0
INP.LHL2,6363,445304.0,5400.0
PENP.VMNPL3,6780,364374.0,6076.0
INP.VMNPL3,10339,359421.0,1512.0
GNG.INPL3,8771,346573.0,2332.0
LX.VLNPL1,1460,342083.0,5125.0
OL.PENPL3,1726,327595.0,10080.0
LXL3,9514,326043.0,1380.0
AL.GNGL2,4530,317077.0,4704.0
AL.SNPL1,432,314946.0,12768.0
GNG.LHL3,5685,301530.0,2304.0
GNG.LXL2,3306,254840.0,3528.0
AL.LHL3,1105,239606.0,16887.0
INP.OLL3,1331,181997.0,4704.0
GNG.LXL3,5164,158130.0,432.0
LX.OLL3,643,144499.0,6384.0
GNG.INPL2,6949,137962.0,240.0
GNG.OLL2,905,113385.0,4472.0
LH.LXL3,3207,112745.0,810.0
LX.PENPL2,3063,98521.0,768.0
GNG.VLNPL1,2352,94572.0,722.0
INPL2,2487,93980.0,1268.0
LX.PENPL3,1800,86443.0,2016.0
SNP.VMNPL3,1820,85007.0,2100.0
AL.GNGL1,870,82736.0,2989.0
GNG.LXL1,1926,70261.0,726.0
LHL1,1476,69257.0,1300.0
MB.VLNPL2,3178,67150.0,144.0
AL.LHL1,1585,63957.0,462.0
GNG.PENPL1,203,55901.0,4860.0
VLNP.VMNPL1,1780,51880.0,216.0
AL.SNPL3,1007,51481.0,1320.0
LH.VMNPL1,1097,48245.0,576.0
AL.VMNPL3,1366,45471.0,600.0
OCG.VMNPL2,1296,43953.0,990.0
PENPL1,947,40308.0,1620.0
CX.LXL2,247,29068.0,1440.0
LH.VLNPL2,1012,28669.0,392.0
PENP.VMNPL1,257,28664.0,1314.0
INP.LHL3,1705,27501.0,66.0
LX.SNPL2,731,16821.0,210.0
INP.VMNPL2,929,14264.0,60.0
OCG.VMNPL3,293,13111.0,320.0
AL.MBL1,110,10107.0,1150.0
GNGL1,180,8503.0,912.0
SNP.VMNPL1,295,6677.0,196.0
SNPL1,346,5777.0,56.0
CX.VMNPL2,150,5085.0,372.0
OCG.VMNPL1,64,4103.0,312.0
CXL3,18,3783.0,402.0
OL.SNPL1,139,3441.0,101.0
CX.VMNPL3,21,1758.0,384.0
SNP.VLNPL1,119,1703.0,38.0
INP.PENPL3,80,1396.0,32.0
INP.SNPL1,50,1388.0,112.0
INP.LHL1,34,676.0,48.0
CX.SNPL3,18,477.0,78.0
AL.MBL3,6,392.0,112.0
LH.PENPL1,24,358.0,40.0
PENP.SNPL1,12,252.0,36.0
INP.OLL1,3,225.0,90.0
GNG.INPL1,18,216.0,12.0
INP.VLNPL1,5,111.0,44.0
LH.VMNPL3,6,108.0,18.0
LH.OLL2,4,47.0,15.0
MB.OLL2,2,40.0,20.0
CX.LXL1,1,35.0,35.0
